Brand,Weight,CPU Series,CPU Model,Cache,RAM,Memory,Size,Stock_statu,Price
لنوو,حدود 1.7 کیلوگرم,Celeron,,4 مگابایت,4 گیگابایت,1 ترابایت,15.6 اینچ,0,از ۸٫۱۲۵٫۰۰۰ تومان
ایسوس,2.0,Core i7,,24MB,16GB,512GB,15.6,0,از ۵۶٫۹۵۰٫۰۰۰ تومان
مک بوک ایر,1.29 کیلوگرم,Apple M1,M1,12 مگابایت,8 گیگابایت,256 گیگابایت,13.3 اینچ,0,از ۳۷٫۰۰۰٫۰۰۰ تومان
لنوو,2.3,Core i5,,18MB,16GB,512GB,15.6,0,از ۳۴٫۴۷۴٫۰۰۰ تومان
لنوو,2.43 کیلوگرم,Core i3,,6 مگابایت,12 گیگابایت,1 ترابایت + 256 گیگابایت,15.6 اینچ,0,از ۱۵٫۱۹۹٫۰۰۰ تومان
ایسوس,2.3,Core i5,,8MB,8GB,512GB,15.6,0,از ۳۲٫۲۰۰٫۰۰۰ تومان
hp,,,,,,,,1,از ۱۲٫۹۲۱٫۵۰۰ تومان
hp,2.2,Core i5,,18MB,8GB,512GB,15.6,0,از ۲۹٫۶۰۰٫۰۰۰ تومان
مایکروسافت,1.11,Corei5,1035G1,6MB,8GB,256GB,,0,از ۲۱٫۴۰۰٫۰۰۰ تومان
ایسوس,2.3kg,11400H,Core i5,12 مگابایت,8GB,512GB,15.6 اینچ,0,از ۳۶٫۴۷۹٫۰۰۰ تومان
لنوو,1.7 کیلوگرم,Gemini Lake Refresh,Celeron N4020,,4GB,128GB,15.6 اینچ,0,از ۹٫۰۰۰٫۰۰۰ تومان
لنوو,1.6,Core i5,,8MB,8GB,1TB,15.6,0,از ۲۱٫۱۰۰٫۰۰۰ تومان
لنوو,2.3,Core i7,,24MB,16GB,512GB,15.6,0,از ۴۱٫۴۷۹٫۰۰۰ تومان
ایسوس,1.8,Core i5,,8MB,8GB,512GB,15.6,0,از ۲۳٫۷۰۵٫۰۰۰ تومان
دل,1.6 کیلوگرم,Apple M2,,12 مگابایت,16 گیگابایت,512 گیگابایت,14.2 اینچ,0,از ۹۶٫۸۹۹٫۰۰۰ تومان
لنوو,1.39 کیلوگرم,11th Gen\Tiger Lake,Core i5-1135G7,,8GB,512GB,14.0 اینچ,0,از ۲۲٫۷۹۹٫۰۰۰ تومان
دل,1.4 کیلوگرم,Apple M2,M2,20 مگابایت,8 گیگابایت,256 گیگابایت,13.3 اینچ,0,از ۵۹٫۶۰۰٫۰۰۰ تومان
ایسوس,2.2 کیلوگرم,Core i7,,24 مگابایت,16 گیگابایت,1 ترابایت,15.6 اینچ,0,از ۵۶٫۰۰۰٫۰۰۰ تومان
لنوو,2.4 کیلوگرم,11th Gen\Tiger Lake,Core i7-11800H,,16GB,1TB,15.6 اینچ,0,از ۵۶٫۲۰۰٫۰۰۰ تومان
hp,2.2,Core i5,,18MB,16GB,512GB,15.6,0,از ۳۲٫۹۰۰٫۰۰۰ تومان
ایسوس,2.5 کیلوگرم,Core i7,,24 مگابایت,16 گیگابایت,512 گیگابایت,16 اینچ,0,از ۸۲٫۲۹۹٫۰۰۰ تومان
ایسوس,2.1,Ryzen 7,,16MB,8GB,1TB,15.6,0,از ۴۷٫۸۹۹٫۰۰۰ تومان
ایسوس,2.30 کیلوگرم,11Gen\Tiger Lake,Core i5-11400H,,16GB,512GB,15.6 اینچ,0,از ۳۸٫۲۰۰٫۰۰۰ تومان
لنوو,2.41 کیلوگرم,Core i3,,6 مگابایت,4 گیگابایت,1 ترابایت,15.6 اینچ,0,از ۱۳٫۲۹۹٫۰۰۰ تومان
ایسوس,2Kg,12650H,Core i7,24 مگابایت حافظه کش,16GB,1TB,15.6 اینچ,0,از ۵۹٫۴۰۰٫۰۰۰ تومان
دل,1.9,,Core i7 8850H,,16 گیگابایت,512 گیگابایت,15.6 اینچ,1,از ۲۳٫۰۰۰٫۰۰۰ تومان
ایسوس,1.9 کیلوگرم,Celeron,N4000,4 مگابایت,,,15.6 اینچ,0,از ۱۲٫۵۰۰٫۰۰۰ تومان
دل,1.24 کیلوگرم,Apple M2,M2,20 مگابایت,8 گیگابایت,256 گیگابایت,13.6 اینچ,0,از ۵۶٫۵۸۵٫۰۰۰ تومان
لنوو,1.65 کیلوگرم,Core i7,1255U,12 مگابایت,16 گیگابایت,512 گیگابایت,15.6 اینچ,0,از ۳۱٫۶۷۹٫۰۰۰ تومان
ایسوس,2.1,Ryzen 7,,8MB,16GB,1TB,15.6,0,از ۴۸٫۲۰۰٫۰۰۰ تومان
لنوو,1.65 کیلوگرم,11th Gen\Tiger Lake,Core i5-1135G7,,12GB,256GB,15.6 اینچ,0,از ۲۲٫۹۷۹٫۰۰۰ تومان
hp,2.4,Core i7,,24MB,16GB,512GB,16.1,0,از ۴۴٫۵۰۰٫۰۰۰ تومان
لنوو,1.12,Core i7,,12MB,16GB,512GB,14.0,0,از ۱۶٫۵۰۰٫۰۰۰ تومان
ایسوس,1.9,Celeron,,4MB,4GB,,15.6,0,از ۱۰٫۲۰۰٫۰۰۰ تومان
دل,1.4 کیلوگرم,Apple M2,M2,20 مگابایت,8 گیگابایت,256 گیگابایت,13.3 اینچ,0,از ۵۷٫۷۰۰٫۰۰۰ تومان
ایسوس,2.2Kg,12700H,Core i7,24 مگابایت حافظه کش,16GB,1TB,15.6 اینچ,0,از ۴۸٫۹۶۰٫۰۰۰ تومان
ایسر,2.5 کیلوگرم,Core i7,,24 مگابایت,16 گیگابایت,512 گیگابایت,15.6 اینچ,0,از ۳۷٫۳۳۴٫۰۰۰ تومان
hp,2.2,Core i5,,18MB,16GB,1TB,15.6,0,از ۳۴٫۸۹۰٫۰۰۰ تومان
لنوو,1.5,Celeron,,4MB,4GB,,15.6,0,از ۸٫۵۲۰٫۰۰۰ تومان
ایسوس,2.2,Ryzen 7,,20MB,16GB,512GB,15.6,0,از ۴۲٫۹۰۰٫۰۰۰ تومان
لنوو,2.4,Core i7,,24MB,16GB,512GB,15.6,0,از ۵۹٫۹۷۹٫۰۰۰ تومان
hp,2.4,Core i7,,24MB,16GB,512GB,16.1,0,از ۳۷٫۲۰۰٫۰۰۰ تومان
ایسوس,1.80 کیلوگرم,11th Gen\Tiger Lake,Core i5-1135G7,,8GB,512GB,15.6 اینچ,0,از ۲۸٫۱۰۰٫۰۰۰ تومان
مک بوک ایر,1.24 کیلوگرم,Apple M2,M2,20 مگابایت,8 گیگابایت,256 گیگابایت,13.6 اینچ,0,از ۵۶٫۸۹۸٫۰۰۰ تومان
apple,1.6 کیلوگرم,Apple M1,M1 Pro,24 مگابایت,16 گیگابایت,512 گیگابایت,14.2 اینچ,0,از ۸۶٫۰۰۰٫۰۰۰ تومان
ایسوس,2.3,Core i5,,12MB,16GB,1TB,15.6,0,از ۳۸٫۸۶۹٫۰۰۰ تومان
ایسوس,2.3kg,6800H,Ryzen 7,16 مگابایت,32GB,1TB,15.6 اینچ,0,از ۶۰٫۸۷۹٫۰۰۰ تومان
ایسوس,1.9,Ryzen 7,,8MB,8GB,256GB,15.6,0,از ۳۰٫۴۰۰٫۰۰۰ تومان
ایسوس,3 کیلوگرم,Raptor Lake,,36 مگابایت,16 گیگابایت,1 ترابایت,18.0 اینچ,0,از ۱۱۱٫۳۸۰٫۰۰۰ تومان
دل,2.15 کیلوگرم,Apple M2,M2 Pro,24 مگابایت,16 گیگابایت,512 گیگابایت,16.2 اینچ,0,از ۱۰۳٫۵۹۰٫۰۰۰ تومان
لنوو,1.7,Core i3,,6MB,8GB,,15.6,0,از ۱۴٫۲۷۹٫۰۰۰ تومان
ایسوس,1.8Kg,1065G7,Core i7,8 مگابایت,16GB,1TB,15.6 اینچ,0,از ۲۷٫۹۸۸٫۰۰۰ تومان
ایسوس,2.3,Core i5,,12MB,16GB,512GB,15.6,0,از ۳۶٫۹۹۰٫۰۰۰ تومان
مایکروسافت,1.9 کیلوگرم,Core i7,8650U,8 مگابایت,16 گیگابایت,512 گیگابایت,15.0 اینچ,0,از ۴۰٫۰۰۰٫۰۰۰ تومان
لنوو,2.25 کیلوگرم,11th Gen\Tiger Lake,Core i7-11370H,,16GB,256GB,15.6 اینچ,0,از ۲۹٫۲۲۰٫۰۰۰ تومان
دل,2.1 کیلوگرم,Apple M1,M1 Pro,24 مگابایت,16 گیگابایت,512 گیگابایت,16.2 اینچ,0,از ۹۲٫۰۰۰٫۰۰۰ تومان
ایسوس,2.3,Core i5,,8MB,16GB,512GB,15.6,0,از ۳۳٫۴۷۹٫۰۰۰ تومان
ایسر,1.7 KG,1135G7,Core i5,8 مگابایت,8 گیگابایت,1TB,,0,از ۲۱٫۷۵۰٫۰۰۰ تومان
,1.38 کیلوگرم,Core i5,,8 مگابایت,8 گیگابایت,512 گیگابایت,14 اینچ,0,از ۲۲٫۰۹۹٫۰۰۰ تومان
hp,,,,,,,,1,از ۱۹٫۱۵۱٫۵۰۰ تومان
لنوو,2.6 کیلوگرم,Core i7,GeForce RTX 4050,24 مگابایت,16 گیگابایت,512 گیگابایت,15.6 اینچ,0,از ۵۵٫۵۰۰٫۰۰۰ تومان
hp,,,,,,,,0,۱۸٫۰۰۰٫۰۰۰ تومان
دل,۲.۲ کیلوگرم,Core i5,7300u,3MB,,,۱۵.۶ اینچ,1,از ۱۳٫۵۰۰٫۰۰۰ تومان
دل,4.5 KG,,,3 MB,,,,0,۱۹٫۵۰۰٫۰۰۰ تومان
لنوو,2.49,Core i7,,24MB,32GB,1TB,16.0,0,از ۶۹٫۴۷۹٫۰۰۰ تومان
ایسوس,1.7 کیلوگرم,Core i7,1255U,12 مگابایت,16 گیگابایت,512 گیگابایت,15.6 اینچ,0,از ۲۹٫۸۵۰٫۰۰۰ تومان
ایسوس,1.8,Corei7,1065G7,12MB,16GB,512GB,,0,از ۲۸٫۱۰۰٫۰۰۰ تومان
dell,,,,,,,,1,۵٫۴۵۰٫۰۰۰ تومان
دل,1.24 کیلوگرم,Apple M2,M2,20 مگابایت,8 گیگابایت,256 گیگابایت,13.6 اینچ,0,از ۵۵٫۸۹۹٫۰۰۰ تومان
لنوو,2.49,Core i7,,24MB,32GB,1TB,16.0,0,از ۷۰٫۴۵۰٫۰۰۰ تومان
,,,,,,,,0,۶۶٫۰۴۵٫۰۰۰ تومان
ایسوس,2.2Kg,12700H,Core i7,24 مگابایت حافظه کش,16GB,512GB,15.6 اینچ,0,از ۴۶٫۳۹۰٫۰۰۰ تومان
مک بوک ایر,1.29 کیلوگرم,Apple M1,M1,12 مگابایت,8 گیگابایت,256 گیگابایت,13.3 اینچ,0,از ۴۲٫۹۹۹٫۰۰۰ تومان
لنوو,2.6 کیلوگرم,Core i3 ,380M ,سه مگابایت ,چهار گیگابایت ,256 گیگابایت ssd,15.6 اینچ ,1,۵٫۰۰۰٫۰۰۰ تومان
ایسوس,1.57 کیلوگرم,Celeron,,4 مگابایت,4 گیگابایت,512 گیگابایت,15.6 اینچ,0,از ۱۱٫۹۴۵٫۰۰۰ تومان
ایسوس,1600 گرم,Core i3,10110U,,,1 ترابایت,14 اینچ,0,از ۱۶٫۸۵۰٫۰۰۰ تومان
ایسوس,0.78 کیلوگرم,Pentium,N6000,4 مگابایت,8 گیگابایت,256 گیگابایت,13.3 اینچ,0,از ۱۹٫۹۰۰٫۰۰۰ تومان
hp,1.63 کیلوگرم,Core i5,8250U,6 مگابايت,,,14 اینچ,1,از ۱۳٫۷۰۰٫۰۰۰ تومان
لنوو,1.7 کیلوگرم,Core i3,1115G4,4 مگابایت,12 گیگابایت,,15.6 اینچ,0,از ۱۶٫۵۹۳٫۰۰۰ تومان
ایسوس,1.8,Core i5,,8MB,8GB,512GB,15.6,0,از ۲۹٫۹۸۰٫۰۰۰ تومان
لنوو,2.4,Ryzen 7,,16MB,32GB,1TB,15.6,0,از ۲۳٫۹۹۰٫۰۰۰ تومان
دل,2.2 کیلو گرم,Core i7,6820HQ,,,,14.5 تا 15.9 اینچ,1,از ۱۹٫۳۰۰٫۰۰۰ تومان
ایسوس,2.0,Core i7,,24MB,16GB,1TB,15.6,0,از ۴۹٫۹۸۰٫۰۰۰ تومان
ایسوس,2.0,Core i7,,24MB,32GB,1TB,15.6,0,از ۶۴٫۷۷۰٫۰۰۰ تومان
لنوو,2,Corei7,1165G7,12MB,12GB,512GB,,0,از ۲۴٫۵۹۰٫۰۰۰ تومان
دل,1.24 کیلوگرم,Apple M2,M2,20 مگابایت,8 گیگابایت,512 گیگابایت,13.3 اینچ,0,از ۷۰٫۵۰۰٫۰۰۰ تومان
ایسوس,2.2,Core i7,,24MB,16GB,1TB,15.6,0,از ۶۲٫۴۸۰٫۰۰۰ تومان
لنوو,1.65 کیلوگرم,11th Gen\Tiger Lake,Core i5-1155G7,,8GB,1TB,15.6 اینچ,0,از ۲۱٫۶۵۰٫۰۰۰ تومان
دل,2.2Kg,12650H,Core i7,24 MB,16GB,1TB,15.6 اینچ,0,از ۷۸٫۹۵۰٫۰۰۰ تومان
مایکروسافت,1.5 کیلوگرم,Core i5,1035G7,6 مگابایت,8 گیگابایت,256 گیگابایت,13.5 اینچ,0,از ۳۵٫۳۰۰٫۰۰۰ تومان
لنوو,1.65 کیلوگرم,11th Gen\Tiger Lake,Core i5-1135G7,,12GB,1TB,15.6 اینچ,0,از ۲۱٫۷۹۹٫۰۰۰ تومان
hp,1.58 کیلوگرم,,,3 مگابايت,,,14.1 اینچ,1,از ۹٫۸۰۰٫۰۰۰ تومان
ایسوس,2.3,Core i9,,24MB,16GB,1TB,15.6,0,از ۷۷٫۸۷۹٫۰۰۰ تومان
ایسوس,2.3kg,12900H,Core i9,24 MB,16GB,1TB,15.6 اینچ,0,از ۹۴٫۴۷۹٫۰۰۰ تومان
دل,1320 گرم,,,,,,13.4 اینچ FHD,0,از ۴۰٫۹۶۳٫۰۰۰ تومان
مایکروسافت,,1035G1,Core i5,6 مگابایت,4GB,64GB,12.4 اینچ,0,از ۱۷٫۴۰۰٫۰۰۰ تومان
ایسوس,1.8 کیلوگرم,Ryzen 5,5600H,19 مگابایت,8 گیگابایت,512 گیگابایت,15.6 اینچ,0,از ۳۲٫۲۹۰٫۰۰۰ تومان
ایسوس,1.8,Core i7,,12MB,8GB,512GB,15.6,0,از ۲۶٫۲۰۰٫۰۰۰ تومان
اپل,2.1 کیلوگرم,Apple M1,M1 Pro,24 مگابایت,16 گیگابایت,1 ترابایت,16.2 اینچ,0,از ۱۰۰٫۰۰۰٫۰۰۰ تومان
مایکروسافت,,,,,,,,0,۱۱۴٫۴۰۰٫۰۰۰ تومان
لنوو,1.7,Corei3,1115G4,6MB,8GB,256GB,,0,از ۱۴٫۸۰۰٫۰۰۰ تومان
لنوو,1.65 کیلوگرم,Core i3,1115G4,6 مگابایت,12 گیگابایت,,15.6 اینچ,0,از ۱۶٫۰۷۹٫۰۰۰ تومان
ایسر,2.5,Core i7,,24MB,16GB,1TB,15.6,0,از ۴۳٫۴۷۹٫۰۰۰ تومان
ایسوس,1.8Kg,12500H,Core i5,18مگابایت,8GB,512GB,15.6 اینچ,0,از ۳۷٫۲۰۰٫۰۰۰ تومان
ایسوس,1.8,Core i7,,12MB,16GB,512GB,15.6,0,از ۲۹٫۷۰۰٫۰۰۰ تومان
دل,1.39,Core i5,,8MB,,,14.0,0,۲۴٫۹۰۰٫۰۰۰ تومان
hp,1.3 کیلوگرم,Core i7,1165G7,12 مگابایت,16 گیگابایت,1 ترابایت,13.5 اینچ,1,از ۳۷٫۹۰۰٫۰۰۰ تومان
ایسر,2.3kg,12700H,Core i7,24 MB,16GB,512GB,15.6 اینچ,0,از ۵۱٫۴۵۰٫۰۰۰ تومان
لنوو,1.66 کیلوگرم,11th Gen\Tiger Lake,Core i7-1165G7,,16GB,1TB,15.6 اینچ,0,از ۳۲٫۳۰۰٫۰۰۰ تومان
لنوو,2.2 کیلوگرم,Ryzen 5,5600H,19 مگابایت,16 گیگابایت,1 ترابایت,15.6 اینچ,0,۲۸٫۶۰۰٫۰۰۰ تومان
hp,,,,,,,,1,۵٫۲۰۰٫۰۰۰ تومان
ایسوس,2 کیلوگرم,corei7,11370H,12 مگابایت,16 گیگابایت قابل ارتقا تا 32 گیگابایت,512GB SSD 3.0 M.2 NVMe™ PCIe®,15.6 اینچ,0,از ۴۸٫۹۷۰٫۰۰۰ تومان
لنوو,1.65,Corei7,1165G7,12MB,8GB,1TB,,0,از ۲۵٫۶۹۷٫۰۰۰ تومان
دل,1.6 کیلوگرم,Apple M2,M2 Pro,24 مگابایت,16 گیگابایت,1 ترابایت,14.2 اینچ,0,از ۱۱۵٫۴۹۹٫۰۰۰ تومان
ایسوس,2.0 کیلوگرم,Core i9,12900H,24 مگابایت,16 گیگابایت,1 ترابایت,16 اینچ,0,از ۸۶٫۱۹۹٫۰۰۰ تومان
اپل,1.29 کیلوگرم,Apple M1,M1,12 مگابایت,8 گیگابایت,256 گیگابایت,13.3 اینچ,0,از ۴۳٫۷۹۹٫۰۰۰ تومان
لنوو,,Celeron,N4020,,,128 گیگابایت,11.6 اینچ,0,از ۹٫۸۹۰٫۰۰۰ تومان
ایسوس,2.2 کیلوگرم,Core i5,,18 مگابایت,16 گیگابایت,512 گیگابایت,15.6 اینچ,0,از ۴۱٫۶۰۰٫۰۰۰ تومان
لنوو,2.4,Core i7,,24MB,16GB,,15.6,0,از ۵۵٫۱۲۰٫۰۰۰ تومان
اچ‌پی,1.5Kg,1235U,Core i5,12 مگابایت,8GB,512GB,14 اینچ,0,از ۳۹٫۶۰۰٫۰۰۰ تومان
مایکروسافت,1.642,Corei7,1065G7,8MB,16GB,256GB,,0,از ۵۶٫۰۰۰٫۰۰۰ تومان
ایسوس,2.20 کیلوگرم,12th Gen\Alder Lake,Core i7-12700H,,16GB,512GB,15.6 اینچ,0,از ۵۵٫۷۰۰٫۰۰۰ تومان
ایسوس,2.3,Ryzen 9,,16MB,16GB,1TB,15.6,0,از ۶۰٫۵۰۰٫۰۰۰ تومان
ایسوس,1.4,Celeron,,4MB,4GB,256GB,14.0,0,از ۱۶٫۸۷۹٫۰۰۰ تومان
hp,1.69 kg,,,8Mb,8g,,15.6 اینچ,1,۱۷٫۰۰۰٫۰۰۰ تومان
ایسوس,2.0,Ryzen 7,,16MB,16GB,1TB,15.6,0,از ۵۱٫۴۴۹٫۰۰۰ تومان
ایسوس,2.2Kg,12700H,Core i7,24 مگابایت حافظه کش,16GB,512GB,15.6 اینچ,0,از ۵۳٫۷۷۹٫۰۰۰ تومان
ایسوس,1.7Kg,1255U,Core i7,12 مگابایت,8GB,512GB,16 اینچ,0,از ۳۲٫۹۸۵٫۰۰۰ تومان
لنوو,1.85 کیلوگرم,Ryzen 5,5500U,11 مگابایت,12 گیگابایت,1 ترابایت,15.6 اینچ,0,از ۱۹٫۷۸۰٫۰۰۰ تومان
ایسوس,1.7 کیلوگرم,Core i3,1215U,10 مگابایت,4 گیگابایت,256 گیگابایت,15.6 اینچ,0,از ۱۸٫۸۹۹٫۰۰۰ تومان
dell,1.77 کیلوگرم,,6820HQ,,,,,0,از ۲۰٫۹۰۰٫۰۰۰ تومان
دل,,Core i7,,12مگابایت,"16 گیگابایت, 32 گیگابایت",,,1,از ۲۹٫۰۰۰٫۰۰۰ تومان
ایسوس,1.8,Core i7,,12MB,16GB,1TB,15.6,0,از ۳۸٫۴۸۹٫۰۰۰ تومان
ایسوس,1.8 کیلوگرم,Ryzen 7,5800H,20 مگابایت,16 گیگابایت,1 ترابایت,15.6 اینچ,0,از ۴۵٫۸۰۰٫۰۰۰ تومان
دل,2.5 کیلوگرم,Core i7,12700H,24 مگابایت,16 گیگابایت,,15.6 اینچ,0,از ۲۷٫۹۰۰٫۰۰۰ تومان
لنوو,1.65 کیلوگرم,Core i3,,6 مگابایت,8 گیگابایت,512 گیگابایت,15.6 اینچ,0,از ۱۴٫۸۷۹٫۰۰۰ تومان
دل,1.65 kg,,,8Mb,8g,,15.6 اینچ,1,۲۶٫۰۰۰٫۰۰۰ تومان
ام اس آی,1.86,Corei5,11400H,12MB,8GB,256GB,,0,از ۳۰٫۷۹۹٫۰۰۰ تومان
دل,3.3 کیلوگرم,13980HX,Core i9,36 مگابایت,64GB,4TB,17.3 اینچ,0,از ۲۷۵٫۰۰۰٫۰۰۰ تومان
ایسوس,2.3kg,6900HX,Ryzen 9,16 مگابایت,16GB,1TB,17.3 اینچ,0,از ۶۳٫۰۰۰٫۰۰۰ تومان
,,,,,,,,0,از ۸۴٫۰۰۰٫۰۰۰ تومان
hp,2.2,Core i7,,24MB,16GB,512GB,15.6,0,از ۴۱٫۹۰۰٫۰۰۰ تومان
ایسوس,2.4Kg,12700H,Core i7,24 مگابایت حافظه کش,16GB,1TB,16 اینچ,0,از ۶۸٫۸۰۰٫۰۰۰ تومان
hp,1.90 کیلو گرم,core i7,,4 مگابایت,,,15.6 اینچ /فول اچ دی / IPS,0,از ۱۸٫۹۰۰٫۰۰۰ تومان
hp,2 کیلوگرم,,Ryzen 5 5600H,16 مگابایت,,512 گیگابابت,15.6 اینچ,0,از ۳۰٫۲۰۰٫۰۰۰ تومان
ایسوس,1.8,Ryzen 7,,16MB,16GB,512GB,16.0,0,از ۳۲٫۴۰۰٫۰۰۰ تومان
دل,"3,19 kg",Core i۹,Intel Core i9-13950HX,36 مگابایت کش,32GB DDR5 5600MHZ,2 ترابایت NVMe,18 اینچ,0,۳۲۸٫۸۰۰٫۰۰۰ تومان
دل,1.38 کیلوگرم,11th Gen Intel Core,,,8 گیگابایت,512 گیگابایت,14 اینچ,0,از ۲۲٫۰۰۰٫۰۰۰ تومان
ایسوس,1.30 کیلوگرم,Ryzen 6000,Ryzen 9-6900HS,,16GB,1TB,13.4 اینچ,0,از ۶۹٫۵۹۰٫۰۰۰ تومان
hp,2.29 کیلوگرم,Core i5,12450H,12MB cache,,512GB SSD,15.6 اینچ,0,از ۳۴٫۱۵۰٫۰۰۰ تومان
دل,1.576 کیلوگرم,Core i5,Intel Core i5-6300U,3MB,,,13.5 اینچ,0,از ۱۷٫۵۰۰٫۰۰۰ تومان
ایسوس,1.8 کیلوگرم,,,4 مگابایت,4 گیگابایت,512 گیگابایت,15.6 اینچ,0,از ۱۱٫۹۵۰٫۰۰۰ تومان
ایسوس,1.8,Corei7,1065G7,12MB,8GB,1TB,,0,از ۲۷٫۰۰۰٫۰۰۰ تومان
hp,1.5Kg,1255U,Core i7,12 مگابایت,16GB,1TB,14 اینچ,0,از ۵۲٫۳۷۰٫۰۰۰ تومان
hp,1.1,,Core i7,,16 گیگابایت,512 گیگابایت,13.5 اینچ,1,۱۷٫۵۰۰٫۰۰۰ تومان
لنوو,2.6,Core i7,,24MB,16GB,1TB,16.0,0,از ۴۲٫۰۰۰٫۰۰۰ تومان
دل,1.24 کیلوگرم,Apple M2,M2,20 مگابایت,8 گیگابایت,512 گیگابایت,13.6 اینچ,0,از ۶۹٫۷۹۹٫۰۰۰ تومان
ایسوس,2.67,Ryzen 9,,64MB,64GB,4TB,16.0,0,۳۴۴٫۹۷۹٫۰۰۰ تومان
ایسوس,2Kg,12650H,Core i7,24 مگابایت حافظه کش,16GB,1TB,15.6 اینچ,0,از ۵۵٫۳۰۰٫۰۰۰ تومان
دل,1.8کیلوگرم,Core i7,6600u,4MB,,256GB,14 اینچ,1,از ۹٫۰۰۰٫۰۰۰ تومان
مایکروسافت,1.11 کیلوگرم,Core i5,1035G1,6 مگابایت,,128 گیگابایت,12.4 اینچ,0,از ۲۰٫۶۰۰٫۰۰۰ تومان
مک بوک پرو,1.4 کیلوگرم,Apple M1,M1,12 مگابایت,8 گیگابایت,256 گیگابایت,13.3 اینچ,0,از ۵۷٫۵۰۰٫۰۰۰ تومان
دل,2.15 کیلوگرم,Apple M2 Pro,,,16 گیگابایت,1 ترابایت,16.2 اینچ,0,از ۱۲۴٫۵۰۰٫۰۰۰ تومان
لنوو,2.4,Ryzen 5,5600H,16MB,8GB,512GB,,0,از ۳۹٫۵۹۹٫۰۰۰ تومان
مک بوک پرو,,M2 Chipset,Apple M2 Max,12 مگابایت,96 گیگابایت,1 ترابایت,16.2 اینچ,0,از ۲۲۱٫۹۰۰٫۰۰۰ تومان
ایسوس,2.0,Core i5,,12MB,8GB,512GB,15.6,0,از ۳۹٫۴۰۰٫۰۰۰ تومان
لنوو,1.7,Celeron,,4MB,4GB,,15.6,0,از ۹٫۷۳۰٫۰۰۰ تومان
مایکروسافت,1.92,Core i7,,8MB,,,15.0,0,از ۳۱٫۰۰۰٫۰۰۰ تومان
دل,1.37کیلوگرم,Core i5,Intel Core i5 quad-core Coffee Lake (8279U),6 مگابایت,8 گیگابایت,512 گیگابایت,13.3 اینچ,0,۲۵٫۹۰۰٫۰۰۰ تومان
لنوو,1.7 کیلوگرم,11th Gen\Tiger Lake,Core i3-1115G4,,4GB,256GB,15.6 اینچ,0,از ۱۴٫۹۵۰٫۰۰۰ تومان
ایسوس,1.11 کیلوگرم,11th Gen\Tiger Lake,Core i5-1135G7,,8GB,512GB,13.3 اینچ,0,از ۳۸٫۲۰۰٫۰۰۰ تومان
hp,2.2,Core i5,,18MB,32GB,1TB,15.6,0,از ۳۷٫۰۶۹٫۰۰۰ تومان
hp,2.3 کیلوگرم,,11800H-i7,24 مگابایت,,1 ترابایت SSD NVMe,16 اینچ,0,از ۶۵٫۳۰۰٫۰۰۰ تومان
lenovo,1.850 کیلوگرم,,,,,,14 اینچ,1,۲۸٫۹۰۰٫۰۰۰ تومان
ایسوس,2.9,Ryzen 9,,16MB,16GB,1TB,17.3,0,از ۸۲٫۰۰۰٫۰۰۰ تومان
ایسوس,2.3kg,5800H,Ryzen 7,16 مگابایت,16GB,1TB,15.6 اینچ,0,از ۶۴٫۷۸۲٫۰۰۰ تومان
ایسوس,1.18kg,12700H,Core i7,24 مگابایت حافظه کش,16GB,512GB,13.4 اینچ,0,از ۶۹٫۰۰۰٫۰۰۰ تومان
ایسوس,1.7,Core i5,,12MB,8GB,512GB,15.6,0,از ۲۷٫۰۰۰٫۰۰۰ تومان
ایسوس,2Kg,12650H,Core i7,24 مگابایت حافظه کش,16GB,1TB,15.6 اینچ,0,از ۴۶٫۴۷۹٫۰۰۰ تومان
دل,1.86 کیلوگرم,12th Gen\Alder Lake,Core i5-12450H,,8GB,512GB,15.6 اینچ,0,از ۴۹٫۷۰۰٫۰۰۰ تومان
msi,2.25 کیلوگرم,Core i7,13620H,24 مگابایت,16 گیگابایت,1 ترابایت,15.6 اینچ,0,از ۷۸٫۰۰۰٫۰۰۰ تومان
لنوو,2.25 کیلوگرم,Core i7,12650H,24 مگابایت,16 گیگابایت,512 گیگابایت,15.6 اینچ,0,از ۴۵٫۸۸۰٫۰۰۰ تومان
ایسوس,2.3,Core i9,,24MB,32GB,1TB,15.6,0,از ۱۳۶٫۲۵۰٫۰۰۰ تومان
hp,1.74,RYZEN5,,8MB,8GB,,15.6,0,از ۱۷٫۹۷۰٫۰۰۰ تومان
ایسوس,2.2,Ryzen 7,,20MB,16GB,1TB,15.6,0,از ۴۸٫۹۷۰٫۰۰۰ تومان
msi,1.9Kg,12650H,Core i7,24 MB,16GB,512GB,15.6 اینچ,0,از ۵۸٫۹۰۰٫۰۰۰ تومان
لنوو,2.4,Ryzen 7,,16MB,16GB,,15.6,0,از ۴۰٫۱۸۹٫۰۰۰ تومان
ایسوس,1.8Kg,12700H,Core i7,24 مگابایت حافظه کش,16GB,1TB,15.6 اینچ,0,از ۵۸٫۲۹۸٫۰۰۰ تومان
دل,۲.۸۱ کیلوگرم,,,۲۴ مگابایت,,,15.6 اینچ,0,۵۱٫۸۹۰٫۰۰۰ تومان
دل,2.80 کیلوگرم,,,3MB,2GB,,,0,از ۲٫۸۹۰٫۰۰۰ تومان
ایسوس,1.9,Ryzen 7,,16MB,16GB,1TB,16.0,0,از ۵۳٫۰۷۹٫۰۰۰ تومان
لنوو,1.66 کیلوگرم,11th Gen\Tiger Lake,Core i3-1115G4,,4GB,256GB,15.6 اینچ,0,از ۱۷٫۲۰۰٫۰۰۰ تومان
دل,2.3kg,12900H,Core i9,24 MB,16GB,512GB,15.6 اینچ,0,از ۵۶٫۲۰۰٫۰۰۰ تومان
ایسوس,1.4Kg,5825U,Ryzen 7,16 مگابایت,16GB,1TB,14 اینچ,0,از ۴۸٫۵۰۰٫۰۰۰ تومان
ایسوس,1.8Kg,5800H,Ryzen 7,16 مگابایت,16GB,512GB,15.6 اینچ,0,از ۳۶٫۴۹۰٫۰۰۰ تومان
ایسوس,2.3,Core i7,,24MB,16GB,1TB,15.6,0,از ۱۱۱٫۰۰۰٫۰۰۰ تومان
لنوو,1.65 کیلوگرم,Core i3,1115G4,6 مگابایت,4 گیگابایت,256 گیگابایت,15.6 اینچ,0,از ۱۳٫۷۷۹٫۰۰۰ تومان
ایسوس,1.7Kg,1215U,Core i3,10مگابایت,8GB,256GB,15.6 اینچ,0,از ۱۹٫۷۰۰٫۰۰۰ تومان
مایکروسافت,2.2 کیلوگرم,Core i7,,12 مگابایت,32 گیگابایت,1 ترابایت,13.5 اینچ,0,از ۵۹٫۰۰۰٫۰۰۰ تومان
لنوو,1.63 کیلوگرم,Core i5,8350U,4 مگابایت,,256 گیگابایت | SSD,14 اینچ,0,۱۴٫۸۵۰٫۰۰۰ تومان
asus,1.8,Core i9,,24MB,16GB,1TB,15.6,0,از ۶۶٫۹۵۰٫۰۰۰ تومان
ایسوس,1.55 کیلوگرم,Core i3,,6 مگابایت,4 گیگابایت,512 گیگابایت,14.0 اینچ,0,از ۱۷٫۷۸۹٫۰۰۰ تومان
,,,,,,,15.6 اینچ,1,۱۰٫۲۰۰٫۰۰۰ تومان
ایسوس,1.6,Core i5,,8MB,8GB,512GB,15.6,0,از ۳۶٫۱۵۰٫۰۰۰ تومان
ایسوس,1.7 کيلوگرم,,,,16GB,,,1,۵۸٫۰۰۰٫۰۰۰ تومان
hp,,Intel,,,,,12.5 اینچ,0,۶٫۶۰۰٫۰۰۰ تومان
lenovo,1.4 گیگاهرتز,,i7 7600U,,,512 گیگابابت,14 اینچ,1,از ۱۶٫۷۰۰٫۰۰۰ تومان
لنوو,1.5,Core i7,,12MB,16GB,512GB,14.0,0,از ۱۳٫۹۴۰٫۰۰۰ تومان
,1.3 کیلوگرم,,,6 مگابایت,,,15.6 اینچ,1,۲۱٫۱۷۰٫۰۰۰ تومان
ایسوس,2.3,Corei5,11400H,12MB,32GB,1TB,,0,از ۴۱٫۱۰۰٫۰۰۰ تومان
لنوو,2.2,Ryzen 7,,16MB,16GB,1TB,15.6,0,از ۴۲٫۰۹۰٫۰۰۰ تومان
ایسوس,1.8,Core i3,,6MB,8GB,,15.6,0,از ۱۶٫۹۹۹٫۰۰۰ تومان
ایسوس,1.3Kg,N4020,Celeron,4 مگابایت,4GB,256GB,14 اینچ,0,از ۱۰٫۹۰۰٫۰۰۰ تومان
لنوو,2.3kg,12650H,Core i7,24 MB,32GB,1TB,15.6 اینچ,0,از ۴۴٫۹۶۰٫۰۰۰ تومان
asus,,,,,,,,1,۴٫۹۹۰٫۰۰۰ تومان
مایکروسافت,1110 گرم,Core i5,i5-1035G1,,,256 SSD,12.4 اینچ,0,از ۳۲٫۳۸۸٫۰۰۰ تومان
,,,,,,,,0,۱۵٫۰۰۰٫۰۰۰ تومان
ایسر,,,,,,,,0,۴٫۹۹۰٫۰۰۰ تومان
hp,2.31 کیلو گرم,Core i5,6200U,3 مگابايت,,,15.6 اینچ,1,از ۹٫۵۰۰٫۰۰۰ تومان
ایسوس,1.88 کیلوگرم,Ryzen 5,,16 مگابایت,8 گیگابایت,512 گیگابایت,16 اینچ,0,از ۲۶٫۹۹۹٫۰۰۰ تومان
ایسوس,1.4Kg,1195G7,Core i7,12 مگابایت,32GB,1TB,14 اینچ,0,از ۳۵٫۳۹۹٫۰۰۰ تومان
ایسوس,2.3 کیلوگرم,Core i5,,12 مگابایت,8 گیگابایت,512 گیگابایت,15.6 اینچ,0,از ۳۳٫۴۰۰٫۰۰۰ تومان
لنوو,2.3,Core i7,,24MB,16GB,1TB,15.6,0,از ۴۶٫۰۰۰٫۰۰۰ تومان
,2.3 کیلوگرم,,i5-11400H,12 مگابایت,,512 گیگابابت,16 اینچ,0,از ۴۰٫۹۰۰٫۰۰۰ تومان
ایسر,2.49,Core i5,,18MB,,,15.6,0,از ۴۱٫۸۸۹٫۰۰۰ تومان
ایسوس,1.7 کیلوگرم,Core i7,1255U,12 مگابایت,16 گیگابایت,512 گیگابایت,15.6 اینچ,0,از ۳۰٫۹۵۰٫۰۰۰ تومان
دل,2.3kg,11800H,Core i7,24 MB,8GB,512GB,15.6 اینچ,0,از ۳۹٫۵۰۰٫۰۰۰ تومان
hp,2.59 کیلوگرم,,7820HQ,,,,,1,از ۲۵٫۰۰۰٫۰۰۰ تومان
دل,1.8Kg,1240p,Core i5,12 مگابایت,16GB,512GB,15.6 اینچ,0,از ۳۶٫۰۹۲٫۰۰۰ تومان
ایسوس,2.6,Core i5,,18MB,16GB,512GB,17.3,0,از ۴۶٫۸۷۹٫۰۰۰ تومان
دل,3 کیلوگرم,,,,,,17 اینچ,1,۸٫۷۰۰٫۰۰۰ تومان
ایسوس,2.1,Ryzen 7,,16MB,8GB,512GB,15.6,0,از ۴۷٫۶۶۶٫۰۰۰ تومان
ایسر,2.6,Corei7,12700H,24MB,16GB,512GB,,0,از ۶۲٫۴۰۰٫۰۰۰ تومان
ایسوس,2.0,Core i5,,12MB,16GB,512GB,15.6,0,از ۴۰٫۴۷۹٫۰۰۰ تومان
لنوو,2.4,Ryzen 7,,16MB,16GB,1TB,15.6,0,از ۵۵٫۵۰۰٫۰۰۰ تومان
لنوو,1.85,Ryzen 7,3700U,4MB,12GB,1TB HDD+256GB SSD,,0,از ۲۳٫۲۰۰٫۰۰۰ تومان
مایکروسافت,,1065G7,Core i7,8 مگابایت,16GB,512GB,13 اینچ,0,از ۲۹٫۹۰۰٫۰۰۰ تومان
ایسر,1.7Kg,1215U,Core i3,10مگابایت,4GB,256GB,15.6 اینچ,0,از ۲۱٫۱۰۰٫۰۰۰ تومان
دل,1.24 کیلوگرم,Apple M2,M2,20 مگابایت,8 گیگابایت,512 گیگابایت,13.6 اینچ,0,از ۷۰٫۰۰۰٫۰۰۰ تومان
ایسوس,2.3,Corei7,11800H,24MB,16GB,512GB,,0,از ۴۳٫۰۰۰٫۰۰۰ تومان
ایسوس,2.2 کیلوگرم,Core i5,,18 مگابایت,8 گیگابایت,512 گیگابایت,15.6 اینچ,0,از ۴۰٫۲۷۰٫۰۰۰ تومان
hp,,i7,10750H,12 مگابایت,8 گیگابایت,512GB+1TBHDD,15اینچ,0,از ۴۶٫۹۹۰٫۰۰۰ تومان
لنوو,1.85,Celeron,,4MB,4GB,,15.6,0,از ۸٫۷۰۰٫۰۰۰ تومان
لنوو,2.3,Core i5,,18MB,16GB,1TB,15.6,0,از ۳۶٫۶۰۰٫۰۰۰ تومان
لنوو,2.25 کیلوگرم,,Ryzen 7 - 5800H,16 مگابایت,,1 ترابایت HDD و 512 گیگابایت SSD,15.6 اینچ,0,از ۳۸٫۸۹۲٫۰۰۰ تومان
ایسوس,1.8,Corei7,1165G7,12MB,8GB,512GB,,0,از ۳۲٫۰۰۰٫۰۰۰ تومان
ایسوس,2.3,Core i9,,24MB,16GB,512GB,15.6,0,از ۷۵٫۸۰۰٫۰۰۰ تومان
ایسوس,1.80 کیلوگرم,11th Gen\Tiger Lake,Core i7-1165G7,,16GB,1TB,15.6 اینچ,0,از ۳۱٫۵۰۰٫۰۰۰ تومان
ایسوس,1.8Kg,1215U,Core i3,10مگابایت,8GB,256GB,16 اینچ,0,از ۲۰٫۹۹۹٫۰۰۰ تومان
ایسوس,1.7Kg,1235U,Core i5,12 مگابایت,8GB,512GB,16 اینچ,0,از ۲۶٫۸۹۹٫۰۰۰ تومان
دل,2.3kg,12700H,Core i7,24 MB,16GB,512GB,15.6 اینچ,0,از ۵۳٫۳۵۰٫۰۰۰ تومان
ایسر,2.15 کیلوگرم,Ryzen 7,Ryzen 7-5700U,,16GB,1TB,15.6 اینچ,0,از ۳۷٫۵۸۰٫۰۰۰ تومان
دل,,Ryzen 5,5600H,,,,"16.1اینچ, Full HD",1,۳۰٫۹۰۰٫۰۰۰ تومان
دل,"2.07 کیلوگ, رم",Core i7,i7-7700HQ,"6, مگابایت","16, گیگابایت","512, گیگابایت",15.6 اینچ,0,۲۳٫۰۰۰٫۰۰۰ تومان
لنوو,,,,,,,,0,از ۹٫۲۰۰٫۰۰۰ تومان
لنوو,1.6,Ryzen 5,,8MB,12GB,512GB,15.6,0,از ۱۶٫۹۹۰٫۰۰۰ تومان
دل,1.5 کیلوگرم,Core i7,1185G7,12 مگابایت,16 گیگابایت,256 گیگابایت,15.6 اینچ,0,از ۴۳٫۵۰۰٫۰۰۰ تومان
ایسوس,2.20 کیلوگرم,12th Gen\Alder Lake,Core i7-12700H,,16GB,512GB,15.6 اینچ,0,از ۶۶٫۵۹۳٫۰۰۰ تومان
ایسوس,2.0,Core i7,,24MB,16GB,512GB,15.6,0,از ۴۴٫۹۷۹٫۰۰۰ تومان
ایسوس,1.8,Corei7,1065G7,12MB,16GB,1TB HDD+256GB SSD,,0,از ۲۸٫۸۶۴٫۰۰۰ تومان
لنوو,1.3 کیلوگرم,,,3MB,,256 گیگابایت,14 اینچ,1,از ۹٫۸۰۰٫۰۰۰ تومان
ایسوس,2.9,Ryzen 7,,20MB,16GB,1TB,17.3,0,از ۶۶٫۵۰۰٫۰۰۰ تومان
دل,2.2 کیلوگرم,,6440HQ,6 مگابايت,,,,1,از ۹٫۵۰۰٫۰۰۰ تومان
ایسوس,2.3,Core i5,,12MB,16GB,512GB,15.6,0,از ۳۴٫۴۰۰٫۰۰۰ تومان
لنوو,2.25 کیلوگرم,Ryzen 7,Ryzen 7-5800H,,16GB,512GB,15.6 اینچ,0,از ۴۲٫۹۶۹٫۰۰۰ تومان
دل,2.6Kg,12450H,Core i5,12 مگابایت,8GB,512GB,17.3 اینچ,0,از ۴۵٫۶۳۳٫۰۰۰ تومان
لنوو,1.6,Core i5,,8MB,8GB,512GB,15.6,0,از ۲۱٫۵۰۰٫۰۰۰ تومان
asus,1.8,Core i7,,12MB,16GB,512GB,15.6,0,از ۳۷٫۶۰۰٫۰۰۰ تومان
hp,2.2,Core i5,,12MB,8GB,512GB,15.6,0,از ۳۲٫۸۰۰٫۰۰۰ تومان
hp,1.78,خیر,AMD Ryzen™ 5 5625U,14 مگابایت,8 گیگابایت,256 گیگابایت,15.6 اینچ,0,از ۲۷٫۰۰۰٫۰۰۰ تومان
hp,3 کیلوگرم,,,"L3 – 8 MB, ,, 8 مگابايت",,,17.3 اینچ,0,از ۱۸٫۷۰۰٫۰۰۰ تومان
hp,1.3 Kilograms,AMD RYZEN 7,2700U pro,,,,,1,از ۱۱٫۹۰۰٫۰۰۰ تومان
ایسوس,,,,,,,,1,۱۲٫۷۰۰٫۰۰۰ تومان
hp,,,,,,,,1,۲۰٫۲۰۰٫۰۰۰ تومان
hp,1.32 کیلوگرم,Core i7,1165G7,12 مگابایت,8 گیگابایت,512 گیگابایت,13.3 اینچ,0,از ۴۴٫۹۰۰٫۰۰۰ تومان
لنوو,2.49,Ryzen 7,,16MB,32GB,1TB,16.0,0,از ۶۳٫۵۸۴٫۰۰۰ تومان
دل,1.08 کیلوگرم,Celeron,N3350,2 مگابایت Cache,4 گیگابایت,128 گیگابایت,10.1 اینچ,0,از ۶٫۸۰۰٫۰۰۰ تومان
lenovo,2,Corei7,1165G7,12MB,8GB,512GB,,0,از ۲۶٫۰۰۰٫۰۰۰ تومان
لنوو,2.25 کیلوگرم,Ryzen 5,Ryzen 5-5600H,,16GB,256GB,15.6 اینچ,0,از ۳۷٫۸۴۰٫۰۰۰ تومان
لنوو,1.7Kg,1215U,Core i3,10مگابایت,4GB,256GB,15.6 اینچ,0,از ۱۴٫۴۷۹٫۰۰۰ تومان
دل,نامشخص,5700U,Ryzen 7,8 مگابایت,16GB,512 گیگابایت,"15.6""اینچ",0,از ۳۰٫۰۰۰٫۰۰۰ تومان
دل,2.2Kg,13620H,Core i7,24 MB,16GB,1TB,15.6 اینچ,0,از ۶۱٫۸۰۰٫۰۰۰ تومان
asus,1.7Kg,1215U,Core i3,10مگابایت,4GB,256GB,15.6 اینچ,0,از ۱۷٫۹۵۰٫۰۰۰ تومان
لنوو,,Core i3,1115G4,,,256 گیگابایت,15.6 اینچ,0,از ۱۴٫۸۹۰٫۰۰۰ تومان
ایسر,2.5,Core i7,,24MB,32GB,1TB,15.6,0,از ۴۴٫۹۷۹٫۰۰۰ تومان
لنوو,2.5kg,13700HX,Core i7,30 مگابایت,16GB,1TB,16 اینچ,0,از ۶۹٫۴۵۰٫۰۰۰ تومان
دل,1.24 کیلوگرم,Apple M2,M2,20 مگابایت,8 گیگابایت,512 گیگابایت,13.6 اینچ,0,از ۶۹٫۸۰۰٫۰۰۰ تومان
ایسوس,1.7Kg,1235U,Core i5,12 مگابایت,16GB,512GB,16 اینچ,0,از ۲۷٫۶۰۰٫۰۰۰ تومان
ایسوس,1.45 کیلوگرم,Core i7,1195G7,12 مگابایت,16 گیگابایت,512 گیگابایت,14.0 اینچ,0,از ۳۵٫۸۷۹٫۰۰۰ تومان
مک بوک ایر,1/350 کیلوگرم,5650U,I7,1600 MHz,8,,,1,۲۰٫۰۰۰٫۰۰۰ تومان
لنوو,2.8kg,13900HX,Core i9,36 مگابایت,32GB,1TB,16 اینچ,0,از ۱۷۱٫۴۹۹٫۰۰۰ تومان
macbook pro,1.6 کیلوگرم,َApple M2 Pro,Apple M2 pro 12CORE,24MB,32 گیگابایت,1TB,16.2 اینچ,0,از ۱۶۸٫۲۰۰٫۰۰۰ تومان
ایسر,1.9 kg,1065G7,Core i7,8MB,8GB,1 TB,,0,از ۲۶٫۱۹۹٫۰۰۰ تومان
ایسوس,2.0,Core i7,,12MB,8GB,1TB,15.6,0,از ۴۶٫۲۰۰٫۰۰۰ تومان
hp,1.9 کیلوگرم,Core i7,8750H,9 مگابایت,32 گیگابایت,512 گیگابایت,15.6 اینچ,0,از ۲۷٫۰۰۰٫۰۰۰ تومان
دل,,Core™ i5,Core™ i5-11260H,,,512 گیگابایت,16.1 اینچ,0,از ۵۲٫۵۰۰٫۰۰۰ تومان
hp,2.2,Core i5,,12MB,8GB,512GB,15.6,0,از ۳۹٫۰۰۰٫۰۰۰ تومان
hp,2Kg,1260P,Core i7,18مگابایت,16GB,1TB,16 اینچ,0,از ۸۷٫۵۹۰٫۰۰۰ تومان
دل,2.75 kg,,i7-12800H,24 مگابایت کش,16GB DDR5 4800MHZ,1 ترابایت PCIe Gen4 NVMe,15.6 اینچ,0,از ۹۰٫۰۰۰٫۰۰۰ تومان
ایسوس,2.5,Ryzen 7,,20MB,16GB,1TB,17.3,0,از ۵۷٫۲۹۹٫۲۲۰ تومان
ایسوس,1.7,Ryzen 7,,16MB,16GB,512GB,14.0,0,از ۵۶٫۱۰۰٫۰۰۰ تومان
hp,"1, 50 کیلو گرم",RYZEN 5,RYZEN 5 PRO 3500U,4 مگابایت,16 گیگابایت,,14 اینچ,1,از ۱۳٫۳۰۰٫۰۰۰ تومان
,1642 گرم,Core i7,8650U,8 مگابایت,,512 گیگابایت,13.5 اینچ,0,از ۳۱٫۲۰۰٫۰۰۰ تومان
لنوو,1.7,Core i5,,3MB,8GB,,14.0,1,از ۸٫۹۰۰٫۰۰۰ تومان
,,,,,,,,0,۱۰٫۶۰۰٫۰۰۰ تومان
ایسوس,,,,16M,,,,0,۳۲٫۲۰۰٫۰۰۰ تومان
ایسوس,2.2Kg,6800H,Ryzen 7,16 مگابایت,8GB,512GB,15.6 اینچ,0,از ۴۳٫۶۹۰٫۰۰۰ تومان
دل,,Core i5,11300H,,,,"15.6 اینچ, Full HD",1,۳۴٫۰۰۰٫۰۰۰ تومان
دل,۱.۲۴ کیلوگرم,Apple M2,,۲۰ مگابایت / ۱۶ مگابایت کش L۲ و ۴ مگابایت کش L۳,۸ گیگابایت,۲۵۶ گیگابایت,۱۳.۶ اینچ,0,از ۶۰٫۳۰۰٫۰۰۰ تومان
ایسوس,1.70 کیلوگرم,Ryzen 6000,Ryzen 7-6800HS,,16GB,1TB,15.6 اینچ,0,از ۷۵٫۶۰۰٫۰۰۰ تومان
ایسوس,1.8,Ryzen 7,5700U Mobile,12MB,16GB,512GB,,0,از ۲۷٫۴۹۰٫۰۰۰ تومان
ایسوس,2.5 کیلوگرم,Ryzen 9,,16 مگابایت,16 گیگابایت,512 گیگابایت,15.6 اینچ,0,از ۶۵٫۰۹۰٫۰۰۰ تومان
ایسوس,2Kg,12700H,Core i7,24 مگابایت حافظه کش,16GB,1TB,17.3 اینچ,0,از ۴۶٫۳۳۹٫۰۰۰ تومان
ایسوس,1.5 کیلوگرم,Ryzen 5,5600H,19 مگابایت,8 گیگابایت,1 ترابایت,14.0 اینچ,0,از ۲۹٫۹۰۰٫۰۰۰ تومان
لنوو,2.3,Core i5,,18MB,8GB,512GB,15.6,0,از ۳۳٫۴۶۹٫۰۰۰ تومان
مایکروسافت,1.9 کیلوگرم,,UHD,8 مگابایت,,512GB,13 اینچ,0,از ۲۵٫۶۰۹٫۷۵۲ تومان
,1.25 کیلوگرم,Intel Core i5,,6 مگابایت,,,0.67 در 13.07 در 9.01 اینچ,0,۱۱٫۹۷۰٫۰۰۰ تومان
ایسوس,2.2 کیلوگرم,Core i7,,24 مگابایت,16 گیگابایت,512 گیگابایت,15.6 اینچ,0,از ۵۲٫۹۸۰٫۰۰۰ تومان
ام اس آی,2Kg,12650H,Core i7,24 MB,16GB,1TB,15.6 اینچ,0,از ۵۲٫۴۵۵٫۰۰۰ تومان
,1.1 کیلوگرم,,,,,256 گیگابایت,13.3 اینچ,0,۹٫۸۰۰٫۰۰۰ تومان
دل,2 کیلوگرم,,,8 مگابايت,,,,1,از ۱۶٫۴۰۰٫۰۰۰ تومان
ایسوس,2.3,Core i9,,24MB,32GB,1TB,15.6,0,از ۱۰۱٫۹۷۹٫۰۰۰ تومان
ایسوس,2.3 کیلوگرم,Core i7,i7 12700H,24 مگابایت,16 گیگابایت,1 ترابایت,15.6 اینچ,0,از ۷۴٫۷۷۹٫۰۰۰ تومان
hp,2.4 کیلوگرم,Core i7,11800H,24 مگابایت,32 گیگابایت,1 ترابایت,16 اینچ,0,از ۵۰٫۶۰۰٫۰۰۰ تومان
دل,3.4 کیلوگرم,,6820HQ,L3 – 6 MB,,,17 اینچ,1,از ۱۹٫۴۰۰٫۰۰۰ تومان
ایسوس,3.1,,Core i9 13980HX,,,,18,0,۲۴۱٫۶۶۰٫۰۰۰ تومان
لنوو,2,Corei5,1135G7,8MB,8GB,1TB HDD+256GB SSD,,0,از ۲۲٫۴۹۵٫۰۰۰ تومان
msi,1.86 کیلوگرم,10Gen\Comet Lake,Core i5-10500H,,8GB,512GB,15.6 اینچ,0,از ۳۲٫۰۰۰٫۰۰۰ تومان
لنوو,1.7Kg,1215U,Core i3,10مگابایت,12GB,512GB,15.6 اینچ,0,از ۱۵٫۲۹۰٫۰۰۰ تومان
hp,تقریبا 2.5 کیلوگرم,Core i5,6820 HQ,8 مگابايت,,,15.6 اینچ,1,از ۱۸٫۳۹۰٫۰۰۰ تومان
,2.4,Core i7,,24MB,16GB,1TB,16.1,0,از ۵۶٫۲۵۰٫۰۰۰ تومان
دل,,,,,8 گیگابایت,ssd 240 GB,15.6 اینچ,1,۱۳٫۰۰۰٫۰۰۰ تومان
مایکروسافت,,,,,,,,0,۱۹٫۹۰۰٫۰۰۰ تومان
لنوو,2.4,Ryzen 7,5800H,16MB,32GB,1TB,,0,۶۰٫۸۹۱٫۰۰۰ تومان
دل,,,,,,,,0,۵۴٫۹۸۹٫۰۰۰ تومان
دل,2.1,Core i5,"Core i5-11400H 6 Cores (2.7GHz-4.5GHz, 12MB Intel Smart Cache, 45W)",12 مگابایت,8 گیگابایت,512 گیگابایت,15.6 اینچ,0,از ۳۷٫۵۰۰٫۰۰۰ تومان
اپل,1.6 کیلوگرم,Apple M1,M1 Pro,24 مگابایت,16 گیگابایت,1 ترابایت,14.2 اینچ,0,از ۹۷٫۰۰۰٫۰۰۰ تومان
ایسوس,1.8,Corei5,1135G7,8MB,16GB,1TB HDD+512GB SSD,,0,از ۲۵٫۳۰۰٫۰۰۰ تومان
ایسوس,2.2,Ryzen 7,,16MB,16GB,512GB,15.6,0,از ۶۵٫۳۳۰٫۰۰۰ تومان
دل,1.24 کیلوگرم,Apple M2,M2,20 مگابایت,8 گیگابایت,512 گیگابایت,13.6 اینچ,0,از ۷۰٫۳۰۰٫۰۰۰ تومان
hp,2.3 کیلوگرم,Ryzen 7,5800H,16 مگابایت,32 گیگابایت,1 ترابایت,16 اینچ,0,از ۵۳٫۵۰۰٫۰۰۰ تومان
دل,1530 گرم,,,,,,,0,۲۵٫۵۰۰٫۰۰۰ تومان
ایسوس,1.3Kg,1260P,Core i7,18مگابایت,16GB,1TB,14 اینچ,0,از ۷۳٫۱۹۵٫۰۰۰ تومان
hp,,,,,,,,0,۳۵٫۰۰۰٫۰۰۰ تومان
ایسوس,1.65 کیلوگرم,11th Gen\Tiger Lake,Intel Core i7-11370H,,16GB,1TB,15.6 اینچ,0,از ۴۵٫۰۸۱٫۰۰۰ تومان
hp,2.3,Corei7,11800H,24MB,16GB,512GB,,0,از ۵۹٫۲۰۰٫۰۰۰ تومان
دل,1.4Kg,1315U,Core i3,10مگابایت,8GB,512GB,14 اینچ,0,از ۲۵٫۶۴۳٫۰۰۰ تومان
مایکروسافت,1534 گرم,Core i5,8350U,6 مگابایت,,256 گیگابایت,13.5 اینچ,0,از ۲۱٫۰۰۰٫۰۰۰ تومان
macbook pro,1.83 کیلوگرم,Core i7,7820HQ,8 مگابایت,16 گیگابایت,,15.4 اینچ,1,۳۳٫۹۹۰٫۰۰۰ تومان
مایکروسافت,1.280,Corei5,1135G7,8MB,8GB,256GB,,0,از ۴۸٫۸۰۲٫۰۰۰ تومان
مک بوک پرو,,,,,,,,0,۴۹٫۰۰۰٫۰۰۰ تومان
ایسوس,1.80 کیلوگرم,Core i7,Intel® Core i7-1165G7,12 مگابایت,,512 گیگابایت,15.6 اینچ,0,از ۲۸٫۰۰۰٫۰۰۰ تومان
لنوو,1.66 کیلوگرم,11th Gen\Tiger Lake,Core i5-1135G7,,8GB,1TB,15.6 اینچ,0,از ۲۴٫۴۹۰٫۰۰۰ تومان
لنوو,1.5 کیلوگرم,Core i5,1135G7,8 مگابایت,8 گیگابایت,256 گیگابایت,14.0 اینچ,0,از ۳۵٫۲۸۶٫۰۰۰ تومان
,,,,12MB,,512 گیگابایت,17 اینچ,1,۹۰٫۰۰۰٫۰۰۰ تومان
ایسوس,2.3,Ryzen 7,6800H Mobile,20MB,16GB,1TB,,0,از ۵۸٫۵۶۱٫۰۰۰ تومان
لنوو,1.85 کیلوگرم,Ryzen 5,5500U,11 مگابایت,8 گیگابایت,1 ترابایت,15.6 اینچ,0,از ۱۸٫۹۸۰٫۰۰۰ تومان
ایسوس,3.6 کیلوگرم,,,,,,15.6 اینچ,0,۱۵٫۰۰۰٫۰۰۰ تومان
ایسوس,1.8Kg,12500H,Core i5,18مگابایت,8GB,1TB,15.6 اینچ,0,۳۲٫۹۵۰٫۰۰۰ تومان
ایسوس,۱.۱۸ کیلوگرم,Core i9,,۲۴ مگابایت,16 گیگابایت,1 ترابایت,13.4 اینچ,0,از ۹۰٫۶۸۳٫۰۰۰ تومان
hp,2.23 کیلوگرم,Core i5,10300H,8 مگابایت,,256 گیگابایت,15.6 اینچ,0,از ۲۵٫۵۰۰٫۰۰۰ تومان
لنوو,2.5,Ryzen 7,,16MB,16GB,512GB,16.0,0,از ۳۸٫۸۹۹٫۰۰۰ تومان
لنوو,1.75,Corei3,10110U,4MB,8GB,1TB HDD+128GB SSD,,0,از ۱۴٫۷۸۵٫۰۰۰ تومان
مایکروسافت,1.29,Core i7,,12MB,,,13.5,0,از ۷۶٫۴۰۰٫۰۰۰ تومان
لنوو,1.7 کیلوگرم,Core i3,,8 مگابایت,8 گیگابایت,512 گیگابایت,15.6 اینچ,0,از ۱۷٫۰۰۰٫۰۰۰ تومان
lenovo,1.7 کیلوگرم,Ryzen 3,5300U,4 مگابایت,8 گیگابایت,,رده 15 اینچ,0,از ۱۹٫۷۰۰٫۰۰۰ تومان
دل,۱.۶۵ کیلوگرم,,,,16 گیگابایت,,,1,۳۹٫۰۰۰٫۰۰۰ تومان
ایسر,1.7 کیلوگرم,Core i3,1115G4,6 مگابایت,,1 ترابایت,15.6 اینچ,0,از ۱۶٫۵۹۰٫۰۰۰ تومان
اپل,"2 کیلوگ, رم",Core i7,,"12, مگابایت","32, گیگابایت","512, گیگابایت",16 اینچ,0,۸۹٫۰۰۰٫۰۰۰ تومان
hp,,,,,,,,0,۴۰٫۰۰۰٫۰۰۰ تومان
لنوو,1.7 کیلوگرم,Core i7,1165G7,12 مگابایت,8 گیگابایت,1 ترابایت,15.6 اینچ,0,از ۳۱٫۲۰۰٫۰۰۰ تومان
ایسر,1.8Kg,1260P,Core i7,18مگابایت,16GB,1TB,15.6 اینچ,0,از ۳۷٫۹۸۹٫۰۰۰ تومان
ایسوس,1.6,Core i7,,24MB,12GB,512GB,14.5,0,۴۷٫۸۹۰٫۰۰۰ تومان
ایسوس,1.8,Core i7,,12MB,16GB,,15.6,0,از ۲۹٫۱۰۰٫۰۰۰ تومان
ایسوس,2.0,Core i7,,24MB,32GB,1TB,15.6,0,از ۳۴٫۳۷۰٫۰۰۰ تومان
msi,,Core i7,10750H,,16 گیگابایت,,15 اینچ,0,۳۹٫۵۰۰٫۰۰۰ تومان
ایسوس,1.7 کیلوگرم,Core i5,1235U,12 مگابایت,16 گیگابایت,512 گیگابایت,15.6 اینچ,0,از ۲۸٫۰۰۰٫۰۰۰ تومان
لنوو,1.75,Corei3,10110U,4MB,12GB,256GB,,0,از ۱۴٫۶۷۹٫۰۰۰ تومان
لنوو,1.7 کیلوگرم,Core i3,1115G4,4 مگابایت,8 گیگابایت,,15.6 اینچ,0,از ۱۷٫۷۶۹٫۰۰۰ تومان
دل,,Core i7,9750H,,,,"16 اینچ, Retina",1,۷۲٫۰۰۰٫۰۰۰ تومان
ایسوس,1.3,Ryzen 7,,20MB,32GB,1TB,13.4,0,از ۷۲٫۵۷۵٫۰۴۰ تومان
لنوو,1.65 کیلوگرم,Core i5,1155G7,8 مگابایت,16 گیگابایت,,15.6 اینچ,0,از ۲۸٫۲۹۹٫۰۰۰ تومان
لنوو,2.4,Core i7,,24MB,16GB,512GB,15.6,0,از ۵۹٫۶۰۰٫۰۰۰ تومان
lenovo,1.5 کیلوگرم,Celeron,N4020,4 مگابایت,,,14 اینچ,0,از ۸٫۷۱۰٫۰۰۰ تومان
مک بوک پرو,2 کیلوگرم,Core i9,(9880H),16 مگابایت,16 گیگابایت,یک ترابایت,16 اینچ,0,از ۵۹٫۹۸۰٫۰۰۰ تومان
asus,1.8Kg,12500H,Core i5,18مگابایت,16GB,512GB,15.6 اینچ,0,از ۴۰٫۵۰۰٫۰۰۰ تومان
لنوو,1.58کیلوگرم,,Ryzen 3,,4GB,,,0,۱۶٫۵۰۰٫۰۰۰ تومان
ایسوس,1.5 کیلوگرم,Core i7,10510U,8 مگابایت,16 گیگابایت,یک ترابایت,14 اینچ,0,۸۱٫۹۴۰٫۰۰۰ تومان
دل,2.5,خیر,"AMD® Ryzen™ 7 5800H Mobile (20 MB total cache, 8 cores, 16 threads)",24 مگابایت,16 گیگابایت,512 گیگابایت,15.6 اینچ,0,از ۵۳٫۸۹۰٫۰۰۰ تومان
دل,1.93 کیلوگرم,Intel Core i5 2520M,2320,چهار مگابایت,چهار گیگابایت,128 گیگابایت ssd,14 اینچ,1,۵٫۵۰۰٫۰۰۰ تومان
ایسوس,1.8,Corei7,12650H,24MB,16GB,512GB,,0,از ۴۸٫۸۹۰٫۰۰۰ تومان
ایسوس,1.90 کیلوگرم,Ryzen 6000,Ryzen 9-6900HS,,16GB,1TB,15.6 اینچ,0,از ۸۸٫۹۹۹٫۰۰۰ تومان
ایسوس,2.30 کیلوگرم,Ryzen 9,Ryzen 9-5900HX,,16GB,1TB,15.6 اینچ,0,از ۵۸٫۰۰۰٫۰۰۰ تومان
ایسر,2.50 کیلوگرم,12th Gen\Alder Lake,Core i5-12500H,,8GB,512GB,15.6 اینچ,0,از ۳۹٫۹۰۰٫۰۰۰ تومان
lenovo,,,,,,,,1,۲۶٫۰۰۰٫۰۰۰ تومان
ایسوس,2.3,Corei7,11800H,24MB,16GB,512GB,,0,از ۵۲٫۶۸۰٫۰۰۰ تومان
مایکروسافت,1.9 کیلوگرم,i7,8650U,8مگابایت,,1 ترابایت,15اینچ,0,از ۳۸٫۹۰۰٫۰۰۰ تومان
dell,,,,,,,,1,۳۱٫۸۹۰٫۰۰۰ تومان
ایسوس,1.7Kg,4600H,Ryzen 5,8 مگابایت,8GB,1TB,15.6 اینچ,0,از ۲۸٫۶۹۹٫۰۰۰ تومان
dell,1.35 کیلوگرم,,7300U,3MB,,,14 اینچ,0,۱۲٫۹۰۰٫۰۰۰ تومان
ایسر,2.3,Corei9,12900H,24MB,16GB,1TB,,0,از ۷۱٫۳۹۳٫۰۰۰ تومان
ایسوس,2.9,Core i9,,24MB,16GB,1TB,17.3,0,از ۱۰۳٫۸۰۰٫۰۰۰ تومان
ایسوس,1.45 کیلوگرم,Core i7,11370H,12 مگابایت,,1 ترابایت,14.0 اینچ,0,از ۵۲٫۲۰۰٫۰۰۰ تومان
دل,3.25 kg,,Intel® Core™i9 13900HX,36MB L3 Cache,64GB DDR5 4800 MH,2TB SSD NVME,18 اینچ,0,۳۱۰٫۷۰۰٫۰۰۰ تومان
lenovo,,Core i5,,,4 گیگابایت,,14.1 اینچ,1,۶٫۵۸۰٫۰۰۰ تومان
ایسوس,,,,,,,17.3 اینچ,1,۱۹٫۹۰۰٫۰۰۰ تومان
ایسوس,1.8,Corei3,1005G1,4MB,8GB,256GB,,0,از ۱۶٫۴۸۹٫۰۰۰ تومان
apple,"1240, ,","M2, ,",,,,,"13.6 اینچ, ,",0,از ۸۵٫۰۰۰٫۰۰۰ تومان
لنوو,2.25 کیلوگرم,11th Gen\Tiger Lake,Core i5-11300H,,16GB,256GB,15.6 اینچ,0,۴۱٫۸۱۲٫۰۰۰ تومان
لنوو,1.3کیلو گرم,,6300U,,,,12.5اینچ,0,۱۰٫۰۰۰٫۰۰۰ تومان
ایسوس,1.8,Core i3,,6MB,8GB,512GB,15.6,0,از ۱۹٫۴۰۰٫۰۰۰ تومان
ایسوس,2.3,Core i5,,8MB,8GB,1TB,15.6,0,از ۳۳٫۹۷۹٫۰۰۰ تومان
دل,,Core i3,1115G4,,,,"13.3 اینچ, Full HD",1,۱۷٫۶۰۰٫۰۰۰ تومان
دل,1.33 کیلوگرم,11th Gen\Tiger Lake,Core i7-1165G7,,16GB,1TB,13.9 اینچ,0,۵۰٫۰۰۰٫۰۰۰ تومان
دل,1.82Kg,Intel Core i7,6820HQ,,16GB,,,1,از ۱۸٫۲۳۶٫۵۰۰ تومان
ایسوس,2.0,Core i7,,24MB,32GB,2TB,15.6,0,از ۶۷٫۲۷۰٫۰۰۰ تومان
لنوو,تقریبا 1 کیلوگرم,Core i5,5300U,3 مگابايت,,,14 اینچ,1,از ۷٫۲۰۰٫۰۰۰ تومان
ایسر,1.90 کیلوگرم,10th Gen\Ice Lake,Core i5-1035G1,,8GB,256GB,15.6 اینچ,0,از ۲۲٫۶۹۹٫۰۰۰ تومان
اپل,1.4 کیلوگرم,Apple M1,M1,12 مگابایت,8 گیگابایت,512 گیگابایت,13.3 اینچ,0,از ۶۵٫۴۰۰٫۰۰۰ تومان
ایسوس,2,Corei7,11370H,12MB,16GB,1TB,,0,از ۵۵٫۰۰۰٫۰۰۰ تومان
ایسوس,1.8 کیلوگرم,Core i5,1135G7,8 مگابایت,8 گیگابایت,512 گیگابایت,15.6 اینچ,0,از ۲۳٫۱۰۰٫۰۰۰ تومان
دل,,,,,,,,0,۸۶۹٫۰۰۰٫۰۰۰ تومان
dell,,,,,,,,0,۲۵۵٫۵۰۰٫۰۰۰ تومان
ایسوس,2.5,Core i7,,24MB,,,16.0,0,از ۸۹٫۹۷۹٫۰۰۰ تومان
dell,2.2 کیلوگرم,Core i5,,,8GB – DDR-4,,,0,۱۰٫۹۰۰٫۰۰۰ تومان
لنوو,2.4,Core i5,,12MB,16GB,512GB,15.6,0,از ۴۵٫۰۰۰٫۰۰۰ تومان
دل,2.34 کیلوگرم,Core I5 9300H,Nvidia GTX 1660 Ti 6G,,,512G,15 اینچ,1,۶۵٫۰۰۰٫۰۰۰ تومان
ایسوس,1.8,Core i7,,12MB,12GB,512GB,15.6,0,از ۳۰٫۰۰۰٫۰۰۰ تومان
msi,,,,,,,,0,۲۶٫۵۰۰٫۰۰۰ تومان
ایسوس,2.3 kg,6800H,Ryzen 7,16 مگابایت,16GB,512GB M2 NVMe PCIe,,0,۹۶٫۸۷۶٫۰۰۰ تومان
ایسوس,1.8 کیلوگرم,Core i5,12500H,18 مگابایت,8 گیگابایت,1 ترابایت,15.6 اینچ,0,از ۳۲٫۴۰۰٫۰۰۰ تومان
hp,1.8Kg,1255U,Core i7,12 مگابایت,32GB,1TB,15.6 اینچ,0,از ۵۵٫۵۹۰٫۰۰۰ تومان
لنوو,1.65 کیلوگرم,Core i3,1115G4,6 مگابایت,12 گیگابایت,,15.6 اینچ,0,از ۱۴٫۹۹۹٫۰۰۰ تومان
دل,1.8 کیلو گرم,,,24MB,8GB,512GB NVMe,,0,۲۹٫۴۰۰٫۰۰۰ تومان
ایسوس,2.6,Ryzen 7,,16MB,16GB,2TB,17.3,0,از ۶۰٫۳۵۰٫۰۰۰ تومان
لنوو,1.7 کیلوگرم,11th Gen\Tiger Lake,Core i5-1135G7,,8GB,1TB,15.6 اینچ,0,از ۲۱٫۳۷۹٫۰۰۰ تومان
لنوو,1.7 کیلو گرم,,Ryzen 5,,8GB,,,0,۱۸٫۲۰۰٫۰۰۰ تومان
لنوو,1200 گرم,Athlon,3050E,,,128 گیگابایت,11.6 اینچ,0,از ۹٫۴۳۸٫۰۰۰ تومان
lenovo,1.5کیلوگرم,,,,,,,1,۴٫۹۹۰٫۰۰۰ تومان
مایکروسافت,1.280,Corei7,1185G7,12MB,16GB,512GB,,0,از ۶۹٫۴۰۰٫۰۰۰ تومان
اپل,1.6 کیلوگرم,core 8,M1 Pro,,,512 گیگابایت,14.2 اینچ,0,از ۹۰٫۵۰۰٫۰۰۰ تومان
,,,,,,,,0,۱۲۳٫۵۰۰٫۰۰۰ تومان
hp,1.3 کیلوگرم,Core i7,1065G7,8 مگابایت,16 گیگابایت,یک ترابایت,13.3 اینچ,0,۶۴٫۳۰۰٫۰۰۰ تومان
ایسوس,1.7,Ryzen 9,,16MB,32GB,1TB,14.0,0,۳۲۷٫۹۷۹٫۰۰۰ تومان
ایسوس,1.8,Core i3,,6MB,4GB,128GB,15.6,0,از ۱۸٫۷۰۰٫۰۰۰ تومان
ایسوس,,,,,,,17.3 اینچ,1,۱۰٫۹۰۰٫۰۰۰ تومان
hp,2.3,Corei7,11800H,24MB,16GB,1TB,,0,از ۴۴٫۵۰۰٫۰۰۰ تومان
hp,2.29 کیلوگرم,Core i7,13700H,24 مگابايت,,1 ترابایت,15.6 اینچ,0,از ۵۴٫۵۹۰٫۰۰۰ تومان
لنوو,2.49,Ryzen 7,,16MB,32GB,2TB,16.0,0,از ۷۲٫۹۷۹٫۰۰۰ تومان
اپل,,,,,,,16.2 اینچ,0,از ۱۸۱٫۳۹۰٫۰۰۰ تومان
ایسوس,2.6,,Core i9 13980HX,,,,16.1,0,از ۱۶۱٫۲۰۰٫۰۰۰ تومان
ایسوس,1.4 کیلوگرم (با باتری) / 1.16 کیلوگرم (بدون باتری),نسل 11,1165G7,12 مگابایت,16 گیگابایت,1 ترابایت,14 اینچ,0,۷۹٫۵۰۰٫۰۰۰ تومان
اپل,2.16کیلوگرم,Apple M2 Max,Apple M2 Max 12 CORE,48MB,,,16.2 اینچ,0,از ۲۱۶٫۹۰۰٫۰۰۰ تومان
مک بوک پرو,1.5 کیلوگرم,core i5,,,8 گیگابایت,256 گیگابایت,15.4 اینچ,0,از ۱۲٫۵۰۰٫۰۰۰ تومان
دل,,,,,,,,1,۱۰٫۰۰۰٫۰۰۰ تومان
لنوو,2,Corei7,1165G7,12MB,12GB,1TB HDD+256GB SSD,,0,از ۲۷٫۵۹۹٫۰۰۰ تومان
دل,2 کیلوگرم,,,,4 گیگابایت,ssd 120 GB m2,13 اینچ,1,۹٫۰۰۰٫۰۰۰ تومان
لنوو,2.4,Ryzen 5,,16MB,16GB,,15.6,0,از ۴۰٫۱۵۵٫۰۰۰ تومان
ایسوس,1800 گرم,Core i7,12700H,,,512 گیگابایت,15.6 اینچ,0,از ۵۶٫۸۷۹٫۰۰۰ تومان
asus,,,,,,,15.6 اینچ,1,۱۲٫۰۰۰٫۰۰۰ تومان
مایکروسافت,1.5 کیلوگرم,Core i7,1065G7,8 مگابایت,16 گیگابایت,256 گیگابایت,13.5 اینچ,0,از ۵۲٫۵۰۰٫۰۰۰ تومان
asus,1.8,Corei7,1065G7,12MB,8GB,512GB,,0,از ۲۵٫۳۰۰٫۰۰۰ تومان
hp,1.5 کیلوگرم,,,,"4 گیگابایت, 8 گیگابایت",,14 اینچ,0,۱۴٫۶۹۰٫۰۰۰ تومان
lenovo,,,,,,,,0,۵٫۹۰۰٫۰۰۰ تومان
لنوو,1.65 کیلوگرم,Core i7,1165G7,12 مگابایت,12 گیگابایت,,15.6 اینچ,0,از ۲۶٫۷۹۴٫۰۰۰ تومان
dell,,,,,,,,0,از ۹۶٫۸۱۱٫۰۰۰ تومان
دل,1.63,,,,,,14.2,0,از ۱۵۷٫۳۰۰٫۰۰۰ تومان
ایسوس,1.88 کیلوگرم,Ryzen 7,5600H,19 مگابایت,8 گیگابایت,512 گیگابایت,16 اینچ,0,از ۲۷٫۲۹۸٫۰۰۰ تومان
ایسر,1.7 کیلوگرم,Core i3,1115G4,6 مگابایت,8 گیگابایت,1 ترابایت,15.6 اینچ,0,از ۱۴٫۳۹۹٫۰۰۰ تومان
لنوو,1.8Kg,1135G7,Core i5,8 مگابایت,8GB,256GB,15.6 اینچ,0,از ۲۰٫۴۹۹٫۰۰۰ تومان
لنوو,2.4,Core i7,,24MB,32GB,2TB,15.6,0,از ۶۵٫۹۷۹٫۰۰۰ تومان
دل,1970 گرم با یک باتری,,,,,,14 اینچ FHD,0,۹۸٫۹۸۹٫۰۰۰ تومان
hp,3.2 کیلوگرم,Core i7,8850H,9 مگابایت,32 گیگابایت,یک و نیم ترابایت,17.3 اینچ,0,از ۲۸٫۰۰۰٫۰۰۰ تومان
hp,2230 g,Core i5,11300H,,"16 گیگابایت, ,, 8 گیگابایت",512 گیگابایت,15.6 اینچ,0,۲۹٫۹۹۰٫۰۰۰ تومان
دل,,,,,,,,0,۲۴۲٫۰۰۰٫۰۰۰ تومان
ایسوس,2.4Kg,12900H,Core i9,24 MB,32GB,1TB,16 اینچ,0,از ۹۶٫۰۰۰٫۰۰۰ تومان
ایسوس,2.6,Core i5,,12MB,16GB,512GB,17.3,0,از ۴۹٫۳۹۲٫۰۰۰ تومان
ایسوس,2.2,Core i5,,18MB,8GB,512GB,15.6,0,از ۴۰٫۹۰۰٫۰۰۰ تومان
ایسوس,2.2Kg,6800H,Ryzen 7,16 مگابایت,16GB,512GB,15.6 اینچ,0,از ۵۶٫۱۹۹٫۰۰۰ تومان
لنوو,2.19 کیلوگرم,9th Gen\Coffee Lake,Core i7-9750H,,8GB,256GB,15.6 اینچ,0,از ۲۶٫۹۰۰٫۰۰۰ تومان
لنوو,1.85,Ryzen 5,3500U,4MB,12GB,1TB HDD+256GB SSD,,0,از ۱۹٫۸۰۰٫۰۰۰ تومان
ایسوس,2.6,Core i5,,12MB,8GB,512GB,17.3,0,از ۴۵٫۹۶۹٫۰۰۰ تومان
microsoft,1.9 کیلوگرم,Core i7,8650U,8 مگابایت,16 گیگابایت,,,0,از ۳۱٫۹۰۰٫۰۰۰ تومان
ایسوس,۱.۸ کیلوگرم,Core i۷,۱۰۶۵G۷,هشت مگابایت,۱۶ گیگابایت,یک ترا بایت,۱۵.۶ اینچ,0,۳۱٫۰۹۰٫۰۰۰ تومان
msi,2.25,Core i9,,24MB,,,15.6,0,از ۷۶٫۹۰۰٫۰۰۰ تومان
دل,2.25 کیلوگرم,12th Gen\Alder Lake,Core i7-12700H,,16GB,1TB,15.6 اینچ,0,از ۶۳٫۵۰۰٫۰۰۰ تومان
,2.2 کیلوگرم,Intel Celeron,N2830,,,500 گیگابایت,15.6 اینچ,1,۴٫۹۵۰٫۰۰۰ تومان
hp,,,,,,,,0,۸٫۵۰۰٫۰۰۰ تومان
ایسوس,1.8,Core i5,,8MB,16GB,512GB,15.6,0,از ۳۲٫۱۹۰٫۰۰۰ تومان
ایسوس,1.7,Core i5,,12MB,16GB,1TB,15.6,0,از ۲۰٫۴۰۰٫۰۰۰ تومان
ایسر,2.15 کیلوگرم,Ryzen 5,Ryzen 5-5500U,,8GB,512GB,15.6 اینچ,0,از ۲۸٫۵۰۰٫۰۰۰ تومان
دل,1.98 KG,Core i7,12650H,,16 گیگابایت,512 گیگابایت,,0,از ۶۳٫۸۶۹٫۰۰۰ تومان
hp,2.2,Core i5,,12MB,8GB,1TB,15.6,0,از ۳۳٫۹۹۰٫۰۰۰ تومان
دل,3.3 kg,,Intel® Core™ i9-13980HX 75W,36 MB Intel® Smart Cache,64 گیگابایت,4tb حافظه از نوع SSD NVMe,17 اینچ,0,۲۹۸٫۳۰۰٫۰۰۰ تومان
دل,1.82 کیلوگرم,Core i7,اینتل Core i7-11370H,12 مگابایت,,,14.4 اینچ,0,از ۱۵۱٫۲۹۵٫۰۰۰ تومان
دل,2100 گرم,Core i7,9750H,,16 گیگابایت,512 گیگابایت,15.6 اینچ,1,۴۳٫۵۰۰٫۰۰۰ تومان
دل,1.22 کیلوگرم,Core i7,1185G7,12 مگابایت,,512 گیگابایت,14.0 اینچ,0,از ۷۷٫۴۹۹٫۰۰۰ تومان
hp,2.7 کیلوگرم,,,24MB,32GB,1TB NVMe,17.3اینچ|165Hz,0,از ۱۶۴٫۵۳۶٫۰۶۰ تومان
hp,,,,,,,,0,۵۰٫۸۰۰٫۰۰۰ تومان
لنوو,2.4,Core i7,,24MB,16GB,1TB,15.6,0,از ۵۸٫۲۸۸٫۰۰۰ تومان
ایسوس,2,Corei5,12450H,12MB,16GB,1TB,,0,از ۴۱٫۷۷۰٫۰۰۰ تومان
ایسر,1.10 کیلوگرم,11th Gen\Tiger Lake,Core i7-1165G7,,12GB,256GB,15.6 اینچ,0,از ۲۷٫۱۴۹٫۰۰۰ تومان
ایسوس,3.1,Core i9,,36MB,64GB,4TB,18.0,0,۳۲۰٫۹۷۹٫۰۰۰ تومان
دل,,,,,,,,0,۴٫۹۰۰٫۰۰۰ تومان
lenovo,1.32 کیلوگرم,Intel Core i5,8350U,,,256 گیگابایت,14 اینچ,1,۱۶٫۴۹۰٫۰۰۰ تومان
لنوو,1.8Kg,1115G4,Core i3,6 مگابایت,4GB,256GB,15.6 اینچ,0,از ۱۸٫۰۹۹٫۰۰۰ تومان
دل,2.4 کیلوگرم,Core i7,11800H,24 مگابایت,32 گیگابایت,1 ترابایت,16 اینچ,0,از ۵۸٫۱۹۰٫۰۰۰ تومان
ایسوس,2.1 کیلوگرم,Ryzen 7,4800H,8 مگابایت,16 گیگابایت,512 گیگابایت,15.6 اینچ,0,از ۳۹٫۳۹۹٫۰۰۰ تومان
دل,2.98 کیلو گرم,Core i5,GeForce RTX 3050,18 مگابایت,8 گیگابایت,256 گیگابایت,17.3 اینچ,0,از ۳۹٫۰۹۴٫۰۰۰ تومان
apple,,,,,,,,1,۵۲٫۵۰۰٫۰۰۰ تومان
ایسوس,1.18,Core i9,,24MB,16GB,1TB,13.4,0,۱۵۲٫۹۷۹٫۰۰۰ تومان
دل,1.7 کیلوگرم,Core i7,,12 مگابایت,16 گیگابایت,512 گیگابایت,15.6 اینچ,0,از ۴۲٫۲۰۰٫۰۰۰ تومان
ایسوس,2Kg,12650H,Core i7,24 مگابایت حافظه کش,16GB,512GB,15.6 اینچ,0,از ۵۴٫۸۰۰٫۰۰۰ تومان
asus,1.3,Celeron,N4020,4MB,4GB,128GB,,0,از ۱۰٫۵۰۰٫۰۰۰ تومان
دل,1.2 کیلوگرم,Core i5,8350U,6 مگابایت,16 گیگابایت,512گیگابایت,رده 12 اینچ,0,۱۵٫۹۰۰٫۰۰۰ تومان
ایسوس,2.9,Core i9,,24MB,16GB,1TB,15.6,0,۱۰۹٫۳۸۰٫۰۰۰ تومان
مایکروسافت,۱.۵۳۴,Corei7,1065G7,8MB,32GB,1TB,,0,از ۸۹٫۹۹۵٫۰۰۰ تومان
,,,,,,,,0,۱۴٫۵۰۰٫۰۰۰ تومان
ایسوس,,,,,,,,0,۳۳٫۴۹۹٫۰۰۰ تومان
دل,2.8 kg,,Core i913900H,24 MB Intel® Smart Cache,"64 گیگابایت
DDR55200MHz",2TB حافظه از نوع SSD NVMe,17.3 اینچ,0,۳۰۴٫۷۰۰٫۰۰۰ تومان
,1.5,,Core i5 12450H,,,,14.1,0,۳۴٫۷۶۰٫۰۰۰ تومان
hp,2.4,,Core i7 13700HX,,,,17.3,0,از ۸۷٫۹۹۰٫۰۰۰ تومان
ایسوس,,Core i7,,12 مگابایت,16 گیگابایت,1 ترابایت,13.3 اینچ,0,از ۷۳٫۶۱۳٫۰۰۰ تومان
دل,1.80 کیلوگرم,12th Gen\Alder Lake,Core i5-1235U,,8GB,256GB,15.6 اینچ,0,از ۲۷٫۸۰۰٫۰۰۰ تومان
hp,,,,,,,,0,۲۱٫۸۹۹٫۰۰۰ تومان
لنوو,2Kg,11300H,Core i5,8 مگابایت,8GB,256GB,15.6 اینچ,0,از ۳۴٫۹۷۹٫۰۰۰ تومان
hp,,,,,,,,0,۳۵٫۰۰۰٫۰۰۰ تومان
hp,,,,,,,12 اینچ Full HD Touch Screen,0,۱۳٫۵۰۰٫۰۰۰ تومان
ایسوس,2.9 کیلوگرم,Ryzen 9,6900HX,20 مگابایت,16 گیگابایت,1 ترابایت,17.3 اینچ,0,از ۶۷٫۸۰۰٫۰۰۰ تومان
لنوو,2.4,,Ryzen 7 7840H,,,,15.6,0,۵۷٫۹۱۰٫۰۰۰ تومان
ایسوس,1.8,Corei7,1065G7,12MB,16GB,512GB,,0,از ۲۸٫۹۹۰٫۰۰۰ تومان
acer,2.3kg,12700H,Core i7,24 MB,16GB,1TB,15.6 اینچ,0,از ۵۶٫۵۵۰٫۰۰۰ تومان
ایسوس,2.3,Core i5,,8MB,8GB,1TB,17.3,0,از ۲۴٫۲۵۰٫۰۰۰ تومان
ایسوس,2.9 کیلوگرم,Core i9,GeForce RTX 3080,24 مگابایت,32 گیگابایت,1 ترابایت,17.3 اینچ,0,از ۱۲۱٫۹۷۰٫۰۰۰ تومان
,,,,,,,,1,۲۸٫۶۵۰٫۰۰۰ تومان
hp,1.5Kg,1235U,Core i5,12 مگابایت,8GB,1TB,14 اینچ,0,از ۴۱٫۷۰۰٫۰۰۰ تومان
لنوو,,10750H,Core i7,12 مگابایت,32GB,2TB,15.6 اینچ,0,از ۵۹٫۴۷۹٫۰۰۰ تومان
hp,1.4KG,AMD RYZEN™5,Pro 3500U,4MB,8GB,256GB,14 اینچ,1,۱۵٫۰۰۰٫۰۰۰ تومان
ایسوس,1.9,Ryzen 5,,16MB,16GB,512GB,16.0,0,از ۴۷٫۱۶۹٫۰۰۰ تومان
ام اس آی,2.1 کیلوگرم,Core i7,11800H,24 مگابايت,,512 گیگابایت,15.6 اینچ,0,از ۴۶٫۰۰۰٫۰۰۰ تومان
ایسوس,2.6,Core i7,,24MB,16GB,1TB,17.3,0,از ۵۳٫۷۷۰٫۰۰۰ تومان
ایسر,2.3kg,12700H,Core i7,24 MB,16GB,1TB,15.6 اینچ,0,از ۵۲٫۷۹۰٫۰۰۰ تومان
لنوو,1.66 کیلوگرم,11th Gen\Tiger Lake,Core i5-1135G7,,8GB,128GB,15.6 اینچ,0,از ۲۴٫۰۰۰٫۰۰۰ تومان
dell,,,,,32 گیگابایت ddr4,,15.6 اینچ,1,از ۵۶٫۹۹۰٫۰۰۰ تومان
dell,,Core i7,6820HQ,8MB,,,,1,از ۲۳٫۸۰۰٫۰۰۰ تومان
لنوو,2.4,Core i7,,24MB,16GB,,15.6,0,از ۵۶٫۳۰۰٫۰۰۰ تومان
لنوو,2.4,Core i7,,24MB,32GB,1TB,15.6,0,از ۶۲٫۹۷۹٫۰۰۰ تومان
لنوو,,,,,,,,0,۱۰٫۷۰۰٫۰۰۰ تومان
دل,2.46 کیلوگرم,Core i5,12500H,18 مگابایت,,512 گیگابایت,16.1 اینچ,0,از ۳۴٫۰۰۰٫۰۰۰ تومان
ایسوس,,,,,8 گیگابایت,Ssd 256 GB,15.6 اینچ,1,۱۴٫۵۰۰٫۰۰۰ تومان
لنوو,2.3 کیلوگرم,Core i5,11400H,12 مگابایت,8 گیگابایت,512 گیگابایت,15.6 اینچ,0,از ۳۹٫۱۹۹٫۰۰۰ تومان
hp,,,,,,,,0,۳۵٫۴۴۴٫۰۰۰ تومان
دل,,,,,,,15 اینچ,0,۶٫۰۰۰٫۰۰۰ تومان
ایسوس,1.7,Ryzen 9,,16MB,16GB,1TB,14.0,0,از ۲۶۸٫۹۷۹٫۰۰۰ تومان
ایسوس,3.0,Core i9,,36MB,16GB,1TB,18.0,0,۱۳۱٫۱۶۰٫۰۰۰ تومان
لنوو,1.65,Corei3,1115G4,6MB,12GB,1TB HDD+512GB SSD,,0,از ۱۷٫۳۹۱٫۰۰۰ تومان
دل,2.1 کیلوگرم,,7600U,4 مگابایت,6 گیگابایت,256 گیگابایت,,0,از ۱۳٫۲۰۰٫۰۰۰ تومان
ایسوس,1.8,Corei5,1135G7,8MB,16GB,1TB,,0,از ۲۶٫۷۴۰٫۰۰۰ تومان
لنوو,1.75,Celeron,N4020,4MB,4GB,512GB,,0,از ۸٫۵۲۰٫۰۰۰ تومان
اپل,2.04 کیلوگرم,Core i7,Broadwell,6 مگابایت,16 گیگابایت,256 گیگابایت,15.4 اینچ,0,۲۳٫۰۰۰٫۰۰۰ تومان
دل,2.1کیلوگرم,Apple M1 Pro,Apple M1 pro 10CORE,24MB,,,16.2 اینچ,0,۸۷٫۷۲۰٫۰۰۰ تومان
ایسوس,1.8 کیلوگرم,Core i5,Intel Core i5-1135G7,8 مگابایت,,512 گیگابایت,15.6 اینچ,0,از ۲۸٫۲۸۸٫۰۰۰ تومان
ایسوس,2.2,Core i7,,24MB,32GB,1TB,15.6,0,از ۶۱٫۷۷۹٫۰۰۰ تومان
hp,,,,,,,,0,۳۷٫۰۰۰٫۰۰۰ تومان
acer,2.3 کیلوگرم,Core i5,4200U,چهار مگابایت,4GB,500GB,15.6اینچ,1,۸٫۹۵۰٫۰۰۰ تومان
مایکروسافت,1.53 کیلوگرم,Core i5,i5-8250U,,,256 SSD,13.5 اینچ,0,از ۱۸٫۸۰۰٫۰۰۰ تومان
hp,,,,,,,,0,۳۹٫۰۰۰٫۰۰۰ تومان
دل,2.4Kg,12700H,Core i7,24 مگابایت حافظه کش,16GB,1TB,15.6 اینچ,0,از ۷۴٫۰۰۰٫۰۰۰ تومان
ایسوس,2.30 کیلوگرم,11Gen\Tiger Lake,Core i7-11800H,,16GB,512GB,15.6 اینچ,0,از ۵۰٫۸۶۹٫۰۰۰ تومان
دل,1.24 کیلوگرم,Apple M2,M2,20 مگابایت,8 گیگابایت,512 گیگابایت,13.6 اینچ,0,از ۶۹٫۴۹۹٫۰۰۰ تومان
,,,,,,,,0,۱۷٫۵۰۰٫۰۰۰ تومان
ایسوس,2.6Kg,6800HS,Ryzen 7,16 مگابایت,16GB,1TB,17.3 اینچ,0,از ۷۰٫۰۰۰٫۰۰۰ تومان
اچ‌پی,1.69 کیلوگرم,Ryzen 5,5500U,8 مگابایت,,256 گیگابایت,15.6 اینچ,0,از ۲۳٫۴۴۰٫۰۰۰ تومان
ایسوس,1.65 کیلوگرم,Ryzen,Ryzen 7-5800H,,16GB,1TB,15.6 اینچ,0,از ۳۶٫۴۸۰٫۰۰۰ تومان
ایسوس,2.2,Corei7,12700H,24MB,32GB,2TB,,0,از ۷۷٫۴۷۰٫۰۰۰ تومان
دل,حدود 1.3 کیلوگرم,Core i7,10510U,,,,13.0 اینچ,0,۳۶٫۱۳۰٫۰۰۰ تومان
lenovo,,,,,,,,1,۱۵٫۴۰۰٫۰۰۰ تومان
مایکروسافت,"۱,۵۴۲ کیلوگرم",Core i5,1035G7,6 مگابایت,,128 گیگابایت,,0,از ۱۹٫۰۰۰٫۰۰۰ تومان
دل,,,,,,,,0,۱۳۰٫۰۰۰٫۰۰۰ تومان
لنوو,1.65 کیلوگرم,Core i7,1165G7,12 مگابایت,16 گیگابایت,1 ترابایت,15.6 اینچ,0,از ۳۳٫۰۰۰٫۰۰۰ تومان
لنوو,2.25 کیلوگرم,11th Gen\Tiger Lake,Core i5-11300H,,8GB,256GB,15.6 اینچ,0,از ۳۲٫۹۶۹٫۰۰۰ تومان
مک بوک پرو,2Kg,,M2 Max,12 مگابایت,32GB,"Proprietary Apple NVMe, 1TB",14.2 اینچ,0,از ۱۵۹٫۲۰۰٫۰۰۰ تومان
ایسوس,1.8,Core i3,,6MB,4GB,512GB,15.6,0,از ۲۰٫۹۹۹٫۰۰۰ تومان
hp,,,,,,,,1,۲۶٫۰۰۰٫۰۰۰ تومان
hp,1.77 کیلوگرم,,8650U,,,,,0,از ۲۰٫۰۰۰٫۰۰۰ تومان
,,Core i7,i7-7600U,,8 گیگابایت,,12 اینچ,0,۱۳٫۵۰۰٫۰۰۰ تومان
,2.1 کیلوگرم,,,3MB,,,15.6 اینچ,1,۶٫۹۰۰٫۰۰۰ تومان
مک بوک پرو,,,,,,,,0,۲۶۵٫۰۰۰٫۰۰۰ تومان
ایسوس,2.30 کیلوگرم,11th Gen\Tiger Lake,Core i5-11400H,,8GB,512GB,15.6 اینچ,0,از ۳۹٫۱۰۰٫۰۰۰ تومان
ایسوس,2.3,Ryzen 7,,20MB,32GB,1TB,15.6,0,از ۶۲٫۴۰۰٫۰۰۰ تومان
لنوو,2.25 کیلوگرم,Ryzen 5,Ryzen 5-5600H,,8GB,512GB,15.6 اینچ,0,از ۳۷٫۹۷۹٫۰۰۰ تومان
ایسوس,2.2,Core i7,,24MB,16GB,2TB,15.6,0,از ۷۴٫۴۷۹٫۰۰۰ تومان
,,,,,,,,1,۴٫۸۰۰٫۰۰۰ تومان
دل,1.8 کیلوگرم,Core i7,1255U,12 مگابایت,,512 گیگابایت,15.6 اینچ,0,از ۳۲٫۴۰۰٫۰۰۰ تومان
hp,2.29 کیلوگرم,Core i5,12500H,18 مگابایت,32 گیگابایت,,15.6 اینچ,0,از ۴۰٫۰۹۰٫۰۰۰ تومان
دل,3.25 kg,,Intel® Core™ i9 13900HK,24 MB Intel® Smart Cache,32GB DDR5 6000 MH,1TB SSD NVME,16 اینچ,0,۲۷۸٫۵۰۰٫۰۰۰ تومان
hp,1.77کیلوگرم,Core i7,8665u,8MB,,512GB,15.6 اینچ,0,از ۲۴٫۴۰۰٫۰۰۰ تومان
ایسوس,1.8 کیلوگرم,Core i7,1065G7,8 مگابایت,8 گیگابایت,512 گیگابایت,15.6 اینچ,0,از ۲۷٫۰۰۰٫۰۰۰ تومان
اپل,1.83 کیلوگرم,Core i9,9880H,16 مگابایت,,,15.4 اینچ,0,۵۵٫۳۰۰٫۰۰۰ تومان
ایسوس,1.8,Core i7,,8MB,16GB,,15.6,0,از ۲۹٫۰۹۹٫۰۰۰ تومان
hp,,corei5,8350U,6 مگابایت,8 گیگ,256 SSD,13 اینچ,1,از ۱۵٫۸۲۴٫۰۰۰ تومان
ایسوس,2Kg,12700H,Core i7,24 مگابایت حافظه کش,16GB,512GB,16 اینچ,0,از ۷۲٫۲۵۰٫۰۰۰ تومان
لنوو,1.8Kg,1135G7,Core i5,8 مگابایت,8GB,512GB,15.6 اینچ,0,از ۲۱٫۱۹۹٫۰۰۰ تومان
ایسوس,1.15Kg,5700U,Ryzen 7,8 مگابایت,8GB,1TB,15.6 اینچ,0,۳۶٫۱۰۰٫۰۰۰ تومان
hp,1.7Kg,i7,i7-7600U,4M,,256GB,,0,۲۴٫۴۵۵٫۲۱۴ تومان
ایسوس,1.8 کیلوگرم,Ryzen 5,5500U,8 مگابایت,,512 گیگابایت,15.6 اینچ,0,از ۲۲٫۵۹۹٫۰۰۰ تومان
لنوو,1.7,Core i5,,8MB,16GB,256GB,15.6,0,از ۲۳٫۳۰۰٫۰۰۰ تومان
ام اس آی,1.7Kg,1235U,Core i5,12 مگابایت,8GB,512GB,15.6 اینچ,0,۲۹٫۹۱۰٫۰۰۰ تومان
لنوو,2.2 کلیوگرم,Core i7,10510U,8 مگابایت,20 گیگابایت,,15.6 اینچ,0,از ۲۸٫۸۰۰٫۰۰۰ تومان
lenovo,,,,,,,,1,۸٫۰۷۰٫۰۰۰ تومان
لنوو,1.65KG,1215U,Core i3,10مگابایت,12GB,512GB,,0,از ۱۵٫۶۰۰٫۰۰۰ تومان
hp,,,,,,,15.6 اینچ,1,۱۶٫۵۰۰٫۰۰۰ تومان
asus,,,,,,,,0,۱۱۲٫۷۵۰٫۰۰۰ تومان
دل,,,,,,,,0,۱۲٫۸۰۰٫۰۰۰ تومان
مایکروسافت,1.5 کیلوگرم,,,,,,,0,۳۴٫۰۰۰٫۰۰۰ تومان
ایسوس,1.8 کیلوگرم,Core i7,1165G7,12 مگابایت,12 گیگابایت,512 گیگابایت,15.6 اینچ,0,از ۳۰٫۶۹۰٫۰۰۰ تومان
ایسوس,2.1 کیلوگرم,,i9-13900H,24 MB Intel® Smart Cache,16 گیگابایت,512 گیگابایت حافظه از نوع SSD NVMe,15.6 اینچ,0,۸۶٫۵۰۰٫۰۰۰ تومان
ایسوس,2.2,Core i9,,24MB,64GB,2TB,16.0,0,۳۲۴٫۹۷۹٫۰۰۰ تومان
دل,,,,,32GB DDR4,,,1,۳۲٫۵۰۰٫۰۰۰ تومان
دل,1.7 kg,,,4Mb,8g,,15.6 اینچ,1,۱۷٫۰۰۰٫۰۰۰ تومان
لنوو,1.6,Core i3,,10MB,8GB,512GB,15.6,0,از ۱۷٫۹۷۹٫۰۰۰ تومان
hp,,,I7 7200U,,8 گیگابایت,,12.3 اینچ,1,از ۱۴٫۹۵۰٫۰۰۰ تومان
دل,1.5 کیلوگرم,Core i7,1265U,12 مگابایت,16 گیگابایت,512 گیگابایت,15.6 اینچ,0,از ۷۹٫۵۴۹٫۰۰۰ تومان
,,,,,,,,0,۸۳٫۱۵۰٫۰۰۰ تومان
لنوو,1.7,Ryzen 5,5500U,8MB,8GB,1TB,,0,از ۱۸٫۳۸۹٫۰۰۰ تومان
لنوو,1.85,Ryzen 5,3500U,4MB,8GB,1TB HDD+128GB SSD,,0,از ۱۷٫۲۰۰٫۰۰۰ تومان
ام اس آی,2.2Kg,12650H,Core i7,24 MB,16GB,1TB,15.6 اینچ,0,از ۶۷٫۴۹۱٫۰۰۰ تومان
,,,,,,,,1,از ۱۹٫۵۰۰٫۰۰۰ تومان
ایسوس,2.2,Core i7,,24MB,32GB,1TB,15.6,0,از ۷۴٫۸۰۰٫۰۰۰ تومان
ام اس آی,3.1 kg,13950HX,Core i9,36 مگابایت,32GB,2TB,17 اینچ,0,از ۱۹۶٫۹۶۰٫۰۰۰ تومان
dell,,,,,,,,1,۱۳٫۵۰۰٫۰۰۰ تومان
lenovo,,,,,,,,1,۸٫۶۹۰٫۰۰۰ تومان
ایسوس,1.7 کیلوگرم,Core i5,,8 مگابایت,"8 گیگابایت, قابلیت ارتقاء تا 36 گیگابایت",,15.6 اینچ,0,۲۷٫۸۰۰٫۰۰۰ تومان
dell,2.53 کیلو گرم,Core i7,8850H,9 مگابایت,,,15.6 اینچ,1,از ۲۴٫۹۰۰٫۰۰۰ تومان
,2.3KG,Ryzen 5,5600H,,16 گیگابایت,512 گیگابایت,,0,از ۳۵٫۰۰۰٫۰۰۰ تومان
ایسوس,2.67 Kg (5.89 lbs),,AMD Ryzen™ 9 7945HX,L2 Cache 16MB L3 Cache 64MB COR16 THREAD 32,32 گیگابایت DDR5,1TB حافظه از نوع SSD NVMe,16اینچ,0,۳۱۹٫۳۰۰٫۰۰۰ تومان
دل,,,,,4 گیگابایت,HDD 500 GB,15.6 اینچ,1,۵٫۰۰۰٫۰۰۰ تومان
ایسوس,2.2,Core i5,,18MB,16GB,1TB,15.6,0,از ۳۵٫۷۷۰٫۰۰۰ تومان
مایکروسافت,,,,,,,,0,۱۸٫۸۱۰٫۰۰۰ تومان
hp,1.63 کیلوگرم,Core i7,8550U,8 MB,16GB,256GB,14 اینچ,0,۲۸٫۰۰۰٫۰۰۰ تومان
,"1.97 کیلوگ, رم",Ryzen 5,Ryzen 5 5600H,"16, مگابایت","8, گیگابایت","1, ترابایت",15.6 اینچ,0,۲۷٫۶۵۰٫۰۰۰ تومان
دل,,Core i7,9750H,,,,"16 اینچ, Retina",1,۷۳٫۰۰۰٫۰۰۰ تومان
لنوو,2.45 کیلوگرم,Ryzen 7,5800H,20 مگابایت,32 گیگابایت,1 ترابایت,16 اینچ,0,از ۵۷٫۱۳۰٫۰۰۰ تومان
ایسوس,,,,,,,,1,۴۶٫۳۰۰٫۰۰۰ تومان
asus,,,,,,,,0,از ۸۸٫۱۷۹٫۰۰۰ تومان
ایسوس,1.8,Core i3,,6MB,4GB,256GB,15.6,0,از ۱۵٫۳۰۰٫۰۰۰ تومان
دل,1.7Kg,7530U,Ryzen 5,16 مگابایت,16GB,512GB,15.6 اینچ,0,از ۳۰٫۷۴۵٫۰۰۰ تومان
لنوو,1.35 کیلوگرم,,8350U,6MB,,,14 اینچ,0,از ۱۱٫۰۰۰٫۰۰۰ تومان
لنوو,2.53,,Core i9 13900HX,,,,16.1,0,۹۳٫۲۴۰٫۰۰۰ تومان
دل,,Ryzen 5,5600H,,,,"15.6 اینچ, Full HD",1,۳۲٫۴۰۰٫۰۰۰ تومان
ایسوس,1.5 کیلوگرم,Core i3,10110U,4 مگابایت,,1 ترابایت,14.0 اینچ,0,از ۱۶٫۶۰۰٫۰۰۰ تومان
ایسوس,2.20,خیر,AMD Ryzen™ 7 7735HS,14 مگابایت,16 گیگابایت,512 گیگابایت,15.6 اینچ,0,از ۶۷٫۹۹۹٫۰۰۰ تومان
ایسوس,1.6,Ryzen 7,,16MB,16GB,512GB,15.6,0,از ۴۳٫۴۵۰٫۰۰۰ تومان
مایکروسافت,1.850 کیلوگرم,,,12 مگابایت,,,14.4 اینچ,0,۱۱۴٫۰۰۰٫۰۰۰ تومان
ایسوس,2.3kg,12900H,Core i9,24 MB,32GB,2TB,15.6 اینچ,0,از ۱۴۱٫۹۷۰٫۰۰۰ تومان
ایسوس,1.8,Corei7,1065G7,12MB,16GB,1TB,,0,از ۲۸٫۰۹۰٫۰۰۰ تومان
lenovo,1.36 Kg,,,8Mb,16G,,14اینچ تاچ,0,۱۹٫۰۰۰٫۰۰۰ تومان
hp,,,,,,,,0,۳۷٫۰۰۰٫۰۰۰ تومان
hp,1.2 کیلوگرم,Core i7,1165G7,12 مگابایت,16 گیگابایت,512 گیگابایت,13.3 اینچ,0,از ۴۵٫۵۰۰٫۰۰۰ تومان
ایسوس,1.7 کیلوگرم,Core i3,1115G4,6 مگابایت,4 گیگابایت,,15.6 اینچ,0,از ۱۸٫۱۹۹٫۰۰۰ تومان
hp,,,,,,,,1,۱۵٫۸۵۰٫۰۰۰ تومان
hp,1.7 kg,,,8Mb,8g,,15.6 اینچ,1,۲۵٫۰۰۰٫۰۰۰ تومان
hp,,,,,,,,0,۱۱٫۶۰۰٫۰۰۰ تومان
اپل,1.4,,,,,,13.3,0,از ۹۳٫۰۰۰٫۰۰۰ تومان
اچ‌پی,2.2,Core i7,,24MB,16GB,1TB,15.6,0,از ۴۹٫۹۹۰٫۰۰۰ تومان
,,Intel® Core™ i7,7700HQ,6MB,16GB,,IPS 14 اینچ,1,۳۰٫۰۰۰٫۰۰۰ تومان
دل,,,,,,,,0,از ۵۹٫۹۰۰٫۰۰۰ تومان
ایسوس,2.6,Corei7,12700H,24MB,32GB,1TB,,0,از ۵۳٫۴۷۰٫۰۰۰ تومان
لنوو,1.7Kg,10210U,Core i5,6 مگابایت,20GB,1TB,15.6 اینچ,0,از ۲۱٫۶۹۰٫۰۰۰ تومان
ایسوس,1.70,Ryzen 5,,8MB,,,15.6,0,از ۲۹٫۵۰۰٫۰۰۰ تومان
دل,۱.۵۱ کیلوگرم,,,,۸ گیگابایت,,۱۵.۳ اینچ,0,از ۷۲٫۵۰۰٫۰۰۰ تومان
hp,,,,,16 گیگابایت,,,1,از ۲۲٫۴۵۰٫۰۰۰ تومان
ایسوس,2.3,Corei5,10300H,8MB,16GB,1TB HDD+512GB SSD,,0,از ۳۵٫۲۰۰٫۰۰۰ تومان
hp,2.2 کیلوگرم,Core i5,,12 مگابایت,16 گیگابایت,512 گیگابایت,15.6 اینچ,0,از ۳۴٫۱۶۰٫۰۰۰ تومان
ایسوس,2.6 کیلوگرم,Core i7,12700H,24 مگابایت,16 گیگابایت,1 ترابایت,17.3 اینچ,0,از ۶۱٫۸۹۰٫۰۰۰ تومان
,,,,,819 MB,,13 اینچ,1,۶٫۰۰۰٫۰۰۰ تومان
ایسوس,2.3kg,6800H,Ryzen 7,16 مگابایت,16GB,512GB,15.6 اینچ,0,از ۴۸٫۶۹۵٫۰۰۰ تومان
ایسوس,1.8Kg,1065G7,Core i7,8 مگابایت,8GB,1TB,15.6 اینچ,0,از ۲۷٫۲۰۰٫۰۰۰ تومان
لنوو,2.4,Core i7,,24MB,32GB,1TB,15.6,0,از ۶۳٫۸۲۷٫۰۰۰ تومان
ایسوس,1.8 کیلوگرم,Core i7,,12 مگابایت,24 گیگابایت,1 ترابایت,15.6 اینچ,0,از ۳۷٫۰۰۰٫۰۰۰ تومان
دل,1.35 کيلوگرم,Core i5,,,,,,0,از ۱۹٫۹۰۰٫۰۰۰ تومان
مایکروسافت,1.7 کیلوگرم,Core i5,11300H,8 مگابایت,16 گیگابایت,512 گیگابایت,14.4 اینچ,0,از ۷۷٫۰۰۰٫۰۰۰ تومان
مایکروسافت,,,,,,,,1,۲۲٫۰۰۰٫۰۰۰ تومان
دل,2.2 کیلوگرم,Core i7,12700H,24 مگابایت,16 گیگابایت,1 ترابایت,16 اینچ,0,از ۸۷٫۹۰۰٫۰۰۰ تومان
,,,,,,,,1,۲۵٫۱۰۰٫۰۰۰ تومان
hp,2.3,Core i7,,24MB,16GB,1TB,16.1,0,از ۵۷٫۳۲۰٫۰۰۰ تومان
hp,تقریبا 2.5 کیلوگرم,Core i7,4810 MQ,6 مگابايت,,,15.6 اینچ,1,از ۱۲٫۰۰۰٫۰۰۰ تومان
hp,,,,,,,,0,۱۴٫۰۰۰٫۰۰۰ تومان
ایسر,2.98,Corei5,12500H,18MB,8GB,512GB,,0,از ۳۹٫۸۹۲٫۰۰۰ تومان
ایسوس,1.7 کیلوگرم,Core i3,,10 مگابایت,8 گیگابایت,512 گیگابایت,15.6 اینچ,0,از ۲۰٫۲۷۹٫۰۰۰ تومان
hp,1480 g,6200U,core i5,,8 گیگابایت,256 گیگابایت,14 اینچ,0,۱۰٫۵۰۰٫۰۰۰ تومان
مایکروسافت,1.288 کیلوگرم,Core i5,1035G7,6مگابایت,,,13.5 اینچ,0,۴۵٫۰۰۰٫۰۰۰ تومان
asus,,1165G7,Core i7,12 مگابایت,16GB,512GB,14 اینچ,0,از ۴۵٫۳۰۰٫۰۰۰ تومان
دل,2.1 کيلوگرم,,,,,,15.6اینچ,1,۱۶٫۵۰۰٫۰۰۰ تومان
ایسوس,1.8,Celeron,N4020,4MB,4GB,1TB,,0,از ۱۴٫۳۵۰٫۰۰۰ تومان
ایسوس,2.3,Core i9,,24MB,32GB,1TB,15.6,0,از ۷۹٫۸۷۹٫۰۰۰ تومان
